#
# There is insufficient memory for the Java Runtime Environment to continue.
# Native memory allocation (mmap) failed to map 65536 bytes. Error detail: Failed to commit metaspace.
# Possible reasons:
#   The system is out of physical RAM or swap space
#   This process is running with CompressedOops enabled, and the Java Heap may be blocking the growth of the native heap
# Possible solutions:
#   Reduce memory load on the system
#   Increase physical memory or swap space
#   Check if swap backing store is full
#   Decrease Java heap size (-Xmx/-Xms)
#   Decrease number of Java threads
#   Decrease Java thread stack sizes (-Xss)
#   Set larger code cache with -XX:ReservedCodeCacheSize=
#   JVM is running with Unscaled Compressed Oops mode in which the Java heap is
#     placed in the first 4GB address space. The Java Heap base address is the
#     maximum limit for the native heap growth. Please use -XX:HeapBaseMinAddress
#     to set the Java Heap base and to place the Java Heap above 4GB virtual address.
# This output file may be truncated or incomplete.
#
#  Out of Memory Error (virtualSpaceNode.cpp:113), pid=9068, tid=12764
#
# JRE version: OpenJDK Runtime Environment Temurin-21.0.10+7 (21.0.10+7) (build 21.0.10+7-LTS)
# Java VM: OpenJDK 64-Bit Server VM Temurin-21.0.10+7 (21.0.10+7-LTS, mixed mode, sharing, tiered, compressed oops, compressed class ptrs, parallel gc, windows-amd64)
# No core dump will be written. Minidumps are not enabled by default on client versions of Windows
#

---------------  S U M M A R Y ------------

Command Line: --add-modules=ALL-SYSTEM --add-opens=java.base/java.util=ALL-UNNAMED --add-opens=java.base/java.lang=ALL-UNNAMED --add-opens=java.base/sun.nio.fs=ALL-UNNAMED -Declipse.application=org.eclipse.jdt.ls.core.id1 -Dosgi.bundles.defaultStartLevel=4 -Declipse.product=org.eclipse.jdt.ls.core.product -Djava.import.generatesMetadataFilesAtProjectRoot=false -DDetectVMInstallationsJob.disabled=true -Dfile.encoding=utf8 -XX:+UseParallelGC -XX:GCTimeRatio=4 -XX:AdaptiveSizePolicyWeight=90 -Dsun.zip.disableMemoryMapping=true -Xmx2G -Xms100m -Xlog:disable -javaagent:c:\Users\Kavis\.vscode\extensions\redhat.java-1.53.0-win32-x64\lombok\lombok-1.18.39-4050.jar c:\Users\Kavis\.vscode\extensions\redhat.java-1.53.0-win32-x64\server\plugins\org.eclipse.equinox.launcher_1.7.100.v20251111-0406.jar -configuration c:\Users\Kavis\AppData\Roaming\Code\User\globalStorage\redhat.java\1.53.0\config_ss_win -data c:\Users\Kavis\AppData\Roaming\Code\User\workspaceStorage\7b2d75ff63603fdca34be7f1c85b3697\redhat.java\ss_ws --pipe=\\.\pipe\lsp-382d22fd7fff88b75441fdc503f95c76-sock

Host: 12th Gen Intel(R) Core(TM) i5-1235U, 12 cores, 7G,  Windows 11 , 64 bit Build 26100 (10.0.26100.7705)
Time: Thu Sep 24 23:31:41 2026 Sri Lanka Standard Time elapsed time: 14.994705 seconds (0d 0h 0m 14s)

---------------  T H R E A D  ---------------

Current thread (0x000002a7cfaa45a0):  JavaThread "main"             [_thread_in_vm, id=12764, stack(0x000000affbe00000,0x000000affbf00000) (1024K)]

Stack: [0x000000affbe00000,0x000000affbf00000]
Native frames: (J=compiled Java code, j=interpreted, Vv=VM code, C=native code)
V  [jvm.dll+0x6d7a39]
V  [jvm.dll+0x8b4b26]
V  [jvm.dll+0x8b70de]
V  [jvm.dll+0x8b77c3]
V  [jvm.dll+0x284346]
V  [jvm.dll+0x8b086e]
V  [jvm.dll+0x679444]
V  [jvm.dll+0x1e82bb]
V  [jvm.dll+0x1e807e]
V  [jvm.dll+0x67bd42]
V  [jvm.dll+0x67bb72]
V  [jvm.dll+0x679e1e]
V  [jvm.dll+0x3c74d3]
V  [jvm.dll+0x2116fb]
V  [jvm.dll+0x5b6479]
V  [jvm.dll+0x82ead6]
V  [jvm.dll+0x478db8]
V  [jvm.dll+0x47ebe8]
C  [java.dll+0x17ec]

Java frames: (J=compiled Java code, j=interpreted, Vv=VM code)
J 1137  java.lang.ClassLoader.defineClass1(Ljava/lang/ClassLoader;Ljava/lang/String;[BIILjava/security/ProtectionDomain;Ljava/lang/String;)Ljava/lang/Class; java.base@21.0.10 (0 bytes) @ 0x000002a7da7e5311 [0x000002a7da7e5240+0x00000000000000d1]
J 1836 c1 java.lang.ClassLoader.defineClass(Ljava/lang/String;[BIILjava/security/ProtectionDomain;)Ljava/lang/Class; java.base@21.0.10 (43 bytes) @ 0x000002a7d2fd58fc [0x000002a7d2fd55a0+0x000000000000035c]
J 2359 c1 org.eclipse.osgi.internal.loader.ModuleClassLoader.defineClass(Ljava/lang/String;[BLorg/eclipse/osgi/internal/loader/classpath/ClasspathEntry;)Lorg/eclipse/osgi/internal/loader/ModuleClassLoader$DefineClassResult; (67 bytes) @ 0x000002a7d3101dbc [0x000002a7d3101aa0+0x000000000000031c]
J 2153 c1 org.eclipse.osgi.internal.loader.classpath.ClasspathManager.defineClass(Ljava/lang/String;[BLorg/eclipse/osgi/internal/loader/classpath/ClasspathEntry;Lorg/eclipse/osgi/storage/bundlefile/BundleEntry;Ljava/util/List;)Ljava/lang/Class; (636 bytes) @ 0x000002a7d30882f4 [0x000002a7d3086840+0x0000000000001ab4]
J 2895 c1 org.eclipse.osgi.internal.loader.classpath.ClasspathManager.findClassImpl(Ljava/lang/String;Lorg/eclipse/osgi/internal/loader/classpath/ClasspathEntry;Ljava/util/List;)Ljava/lang/Class; (328 bytes) @ 0x000002a7d323e0a4 [0x000002a7d323ad80+0x0000000000003324]
J 2154 c1 org.eclipse.osgi.internal.loader.classpath.ClasspathManager.findLocalClassImpl(Ljava/lang/String;[Lorg/eclipse/osgi/internal/loader/classpath/ClasspathEntry;Ljava/util/List;)Ljava/lang/Class; (55 bytes) @ 0x000002a7d308b4e4 [0x000002a7d308b360+0x0000000000000184]
J 2264 c1 org.eclipse.osgi.internal.loader.classpath.ClasspathManager.findLocalClassImpl(Ljava/lang/String;Ljava/util/List;)Ljava/lang/Class; (132 bytes) @ 0x000002a7d30cff14 [0x000002a7d30cf9e0+0x0000000000000534]
J 2096 c1 org.eclipse.osgi.internal.loader.classpath.ClasspathManager.findLocalClass(Ljava/lang/String;)Ljava/lang/Class; (210 bytes) @ 0x000002a7d30600a4 [0x000002a7d305f3e0+0x0000000000000cc4]
J 1981 c1 org.eclipse.osgi.internal.loader.BundleLoader.findLocalClass(Ljava/lang/String;)Ljava/lang/Class; (159 bytes) @ 0x000002a7d30279d4 [0x000002a7d3026de0+0x0000000000000bf4]
J 1904 c1 org.eclipse.osgi.internal.loader.BundleLoader.findClass0(Ljava/lang/String;ZZ)Ljava/lang/Class; (490 bytes) @ 0x000002a7d3002e94 [0x000002a7d2fffce0+0x00000000000031b4]
J 1903 c1 org.eclipse.osgi.internal.loader.BundleLoader.findClass(Ljava/lang/String;)Ljava/lang/Class; (8 bytes) @ 0x000002a7d2ffee4c [0x000002a7d2ffedc0+0x000000000000008c]
J 1942 c1 org.eclipse.osgi.internal.loader.ModuleClassLoader.loadClass(Ljava/lang/String;Z)Ljava/lang/Class; (36 bytes) @ 0x000002a7d3015b4c [0x000002a7d3015920+0x000000000000022c]
J 3115 c2 java.lang.ClassLoader.loadClass(Ljava/lang/String;)Ljava/lang/Class; java.base@21.0.10 (7 bytes) @ 0x000002a7da8ed0ec [0x000002a7da8ed0a0+0x000000000000004c]
v  ~StubRoutines::call_stub 0x000002a7da1d100d
j  java.lang.Class.getDeclaredConstructors0(Z)[Ljava/lang/reflect/Constructor;+0 java.base@21.0.10
j  java.lang.Class.privateGetDeclaredConstructors(Z)[Ljava/lang/reflect/Constructor;+52 java.base@21.0.10
j  java.lang.Class.getConstructor0([Ljava/lang/Class;I)Ljava/lang/reflect/Constructor;+14 java.base@21.0.10
j  java.lang.Class.getDeclaredConstructor([Ljava/lang/Class;)Ljava/lang/reflect/Constructor;+24 java.base@21.0.10
j  org.eclipse.lsp4j.jsonrpc.services.ServiceEndpoints.lambda$getSupportedMethods$0(Ljava/util/Map;Lorg/eclipse/lsp4j/jsonrpc/services/AnnotationUtil$MethodInfo;)V+83
j  org.eclipse.lsp4j.jsonrpc.services.ServiceEndpoints$$Lambda+0x000002a7812cb000.accept(Ljava/lang/Object;)V+8
j  org.eclipse.lsp4j.jsonrpc.services.AnnotationUtil.findRpcMethods(Ljava/lang/Class;Ljava/util/Set;Ljava/util/function/Consumer;)V+111
j  org.eclipse.lsp4j.jsonrpc.services.AnnotationUtil.findRpcMethods(Ljava/lang/Class;Ljava/util/Set;Ljava/util/function/Consumer;)V+53
j  org.eclipse.lsp4j.jsonrpc.services.ServiceEndpoints.getSupportedMethods(Ljava/lang/Class;Ljava/util/Set;)Ljava/util/Map;+16
j  org.eclipse.lsp4j.jsonrpc.services.ServiceEndpoints.getSupportedMethods(Ljava/lang/Class;)Ljava/util/Map;+10
j  org.eclipse.lsp4j.jsonrpc.Launcher$Builder.getSupportedMethods()Ljava/util/Map;+106
j  org.eclipse.lsp4j.jsonrpc.Launcher$Builder.createJsonHandler()Lorg/eclipse/lsp4j/jsonrpc/json/MessageJsonHandler;+1
j  org.eclipse.lsp4j.jsonrpc.Launcher$Builder.create()Lorg/eclipse/lsp4j/jsonrpc/Launcher;+69
j  org.eclipse.lsp4j.jsonrpc.Launcher.createIoLauncher(Ljava/lang/Object;Ljava/lang/Class;Ljava/io/InputStream;Ljava/io/OutputStream;Ljava/util/concurrent/ExecutorService;Ljava/util/function/Function;)Lorg/eclipse/lsp4j/jsonrpc/Launcher;+33
j  org.eclipse.lsp4j.jsonrpc.Launcher.createLauncher(Ljava/lang/Object;Ljava/lang/Class;Ljava/io/InputStream;Ljava/io/OutputStream;Ljava/util/concurrent/ExecutorService;Ljava/util/function/Function;)Lorg/eclipse/lsp4j/jsonrpc/Launcher;+8
j  org.eclipse.jdt.ls.core.internal.JavaLanguageServerPlugin.startConnection()V+289
j  org.eclipse.jdt.ls.core.internal.JavaLanguageServerPlugin.startLanguageServer(Lorg/eclipse/jdt/ls/core/internal/LanguageServerApplication;)V+16
j  org.eclipse.jdt.ls.core.internal.LanguageServerApplication.start(Lorg/eclipse/equinox/app/IApplicationContext;)Ljava/lang/Object;+5
j  org.eclipse.equinox.internal.app.EclipseAppHandle.run(Ljava/lang/Object;)Ljava/lang/Object;+138
j  org.eclipse.core.runtime.internal.adaptor.EclipseAppLauncher.runApplication(Ljava/lang/Object;)Ljava/lang/Object;+85
j  org.eclipse.core.runtime.internal.adaptor.EclipseAppLauncher.start(Ljava/lang/Object;)Ljava/lang/Object;+79
j  org.eclipse.core.runtime.adaptor.EclipseStarter.run(Ljava/lang/Object;)Ljava/lang/Object;+99
j  org.eclipse.core.runtime.adaptor.EclipseStarter.run([Ljava/lang/String;Ljava/lang/Runnable;)Ljava/lang/Object;+132
j  java.lang.invoke.DirectMethodHandle$Holder.invokeStatic(Ljava/lang/Object;Ljava/lang/Object;Ljava/lang/Object;)Ljava/lang/Object;+11 java.base@21.0.10
j  java.lang.invoke.LambdaForm$MH+0x000002a78108a800.invoke(Ljava/lang/Object;Ljava/lang/Object;Ljava/lang/Object;Ljava/lang/Object;)Ljava/lang/Object;+54 java.base@21.0.10
j  java.lang.invoke.LambdaForm$MH+0x000002a781002c00.invokeExact_MT(Ljava/lang/Object;Ljava/lang/Object;Ljava/lang/Object;Ljava/lang/Object;Ljava/lang/Object;)Ljava/lang/Object;+22 java.base@21.0.10
j  jdk.internal.reflect.DirectMethodHandleAccessor.invokeImpl(Ljava/lang/Object;[Ljava/lang/Object;)Ljava/lang/Object;+72 java.base@21.0.10
j  jdk.internal.reflect.DirectMethodHandleAccessor.invoke(Ljava/lang/Object;[Ljava/lang/Object;)Ljava/lang/Object;+23 java.base@21.0.10
j  java.lang.reflect.Method.invoke(Ljava/lang/Object;[Ljava/lang/Object;)Ljava/lang/Object;+102 java.base@21.0.10
j  org.eclipse.equinox.launcher.Main.invokeFramework([Ljava/lang/String;[Ljava/net/URL;)V+155
j  org.eclipse.equinox.launcher.Main.basicRun([Ljava/lang/String;)V+191
j  org.eclipse.equinox.launcher.Main.run([Ljava/lang/String;)I+4
j  org.eclipse.equinox.launcher.Main.main([Ljava/lang/String;)V+10
v  ~StubRoutines::call_stub 0x000002a7da1d100d

Compiled method (n/a) 15020 1137     n 0       java.lang.ClassLoader::defineClass1 (native)
 total in heap  [0x000002a7da7e5090,0x000002a7da7e5518] = 1160
 relocation     [0x000002a7da7e51f0,0x000002a7da7e5228] = 56
 main code      [0x000002a7da7e5240,0x000002a7da7e5516] = 726
 stub code      [0x000002a7da7e5516,0x000002a7da7e5518] = 2

[Constant Pool (empty)]

[MachCode]
[Entry Point]
  # {method} {0x000002a780434f58} 'defineClass1' '(Ljava/lang/ClassLoader;Ljava/lang/String;[BIILjava/security/ProtectionDomain;Ljava/lang/String;)Ljava/lang/Class;' in 'java/lang/ClassLoader'
  # parm0:    rdx:rdx   = 'java/lang/ClassLoader'
  # parm1:    r8:r8     = 'java/lang/String'
  # parm2:    r9:r9     = '[B'
  # parm3:    rdi       = int
  # parm4:    rsi       = int
  # parm5:    rcx:rcx   = 'java/security/ProtectionDomain'
  # parm6:    [sp+0xa0]   = 'java/lang/String'  (sp of caller)
  0x000002a7da7e5240: 448b 5208 | 49bb 0000 | 0080 a702 | 0000 4d03 | d349 3bc2 | 0f84 0600 

  0x000002a7da7e5258: ;   {runtime_call ic_miss_stub}
  0x000002a7da7e5258: 0000 e921 | 92a3 ff90 
[Verified Entry Point]
  0x000002a7da7e5260: 8984 2400 | 80ff ff55 | 488b ec48 | 81ec 9000 | 0000 6690 | 4181 7f20 | 0200 0000 

  0x000002a7da7e527c: ;   {runtime_call StubRoutines (final stubs)}
  0x000002a7da7e527c: 7405 e85d | 37a2 ff48 | 837d 1000 | 488d 4510 | 480f 4445 | 1048 8944 | 2440 4889 | 4c24 7048 
  0x000002a7da7e529c: 83f9 0048 | 8d44 2470 | 480f 4444 | 2470 4889 | 4424 3848 | 8974 2430 | 4889 7c24 | 284c 894c 
  0x000002a7da7e52bc: 2458 4983 | f900 488d | 4424 5848 | 0f44 4424 | 5848 8944 | 2420 4c89 | 4424 5049 | 83f8 004c 
  0x000002a7da7e52dc: 8d4c 2450 | 4c0f 444c | 2450 4889 | 5424 4848 | 83fa 004c | 8d44 2448 | 4c0f 4444 

  0x000002a7da7e52f8: ;   {oop(a 'java/lang/Class'{0x0000000080000ca0} = 'java/lang/ClassLoader')}
  0x000002a7da7e52f8: 2448 49be | a00c 0080 | 0000 0000 | 4c89 7424 | 784c 8d74 | 2478 498b | d6c5 f877 

  0x000002a7da7e5314: ;   {internal_word}
  0x000002a7da7e5314: 49ba 1153 | 7eda a702 | 0000 4d89 | 97a8 0300 | 0049 89a7 | a003 0000 

  0x000002a7da7e532c: ;   {external_word}
  0x000002a7da7e532c: 49ba c65c | 9ce0 fa7f | 0000 4180 | 3a00 0f84 | 4e00 0000 | 5241 5041 

  0x000002a7da7e5344: ;   {metadata({method} {0x000002a780434f58} 'defineClass1' '(Ljava/lang/ClassLoader;Ljava/lang/String;[BIILjava/security/ProtectionDomain;Ljava/lang/String;)Ljava/lang/Class;' in 'java/lang/ClassLoader')}
  0x000002a7da7e5344: 5148 ba50 | 4f43 80a7 | 0200 0049 | 8bcf 4883 | ec20 40f6 | c40f 0f84 | 1900 0000 | 4883 ec08 
  0x000002a7da7e5364: ;   {runtime_call}
  0x000002a7da7e5364: 48b8 50e1 | 45e0 fa7f | 0000 ffd0 | 4883 c408 | e90c 0000 

  0x000002a7da7e5378: ;   {runtime_call}
  0x000002a7da7e5378: 0048 b850 | e145 e0fa | 7f00 00ff | d048 83c4 | 2041 5941 | 585a 498d | 8fc0 0300 | 0041 c787 
  0x000002a7da7e5398: 4c04 0000 | 0400 0000 

  0x000002a7da7e53a0: ;   {runtime_call}
  0x000002a7da7e53a0: 48b8 ac16 | 9058 fb7f | 0000 ffd0 | c5f8 7741 | c787 4c04 | 0000 0500 | 0000 f083 | 4424 c000 
  0x000002a7da7e53c0: 493b af50 | 0400 000f | 870e 0000 | 0041 83bf | 4804 0000 | 000f 842b | 0000 00c5 | f877 4889 
  0x000002a7da7e53e0: 45f8 498b | cf4c 8be4 | 4883 ec20 | 4883 e4f0 

  0x000002a7da7e53f0: ;   {runtime_call}
  0x000002a7da7e53f0: 48b8 d052 | 11e0 fa7f | 0000 ffd0 | 498b e44d | 33e4 488b | 45f8 41c7 | 874c 0400 | 0008 0000 
  0x000002a7da7e5410: 0041 83bf | c804 0000 | 020f 84ca 

  0x000002a7da7e541c: ;   {external_word}
  0x000002a7da7e541c: 0000 0049 | bac6 5c9c | e0fa 7f00 | 0041 803a | 000f 844c | 0000 0048 

  0x000002a7da7e5434: ;   {metadata({method} {0x000002a780434f58} 'defineClass1' '(Ljava/lang/ClassLoader;Ljava/lang/String;[BIILjava/security/ProtectionDomain;Ljava/lang/String;)Ljava/lang/Class;' in 'java/lang/ClassLoader')}
  0x000002a7da7e5434: 8945 f848 | ba50 4f43 | 80a7 0200 | 0049 8bcf | 4883 ec20 | 40f6 c40f | 0f84 1900 | 0000 4883 
  0x000002a7da7e5454: ;   {runtime_call}
  0x000002a7da7e5454: ec08 48b8 | 50e1 45e0 | fa7f 0000 | ffd0 4883 | c408 e90c 

  0x000002a7da7e5468: ;   {runtime_call}
  0x000002a7da7e5468: 0000 0048 | b850 e145 | e0fa 7f00 | 00ff d048 | 83c4 2048 | 8b45 f849 | c787 a003 | 0000 0000 
  0x000002a7da7e5488: 0000 49c7 | 87a8 0300 | 0000 0000 | 00c5 f877 | 4885 c00f | 8425 0000 | 00a8 030f | 8508 0000 
  0x000002a7da7e54a8: 0048 8b00 | e915 0000 | 00a8 010f | 8509 0000 | 0048 8b40 | fee9 0400 | 0000 488b | 40ff 498b 
  0x000002a7da7e54c8: 8f30 0400 | 00c7 8100 | 0100 0000 | 0000 00c9 | 4983 7f08 | 000f 8501 | 0000 00c3 

  0x000002a7da7e54e4: ;   {runtime_call StubRoutines (initial stubs)}
  0x000002a7da7e54e4: e917 ba9e | ffc5 f877 | 4889 45f8 | 4c8b e448 | 83ec 2048 

  0x000002a7da7e54f8: ;   {runtime_call}
  0x000002a7da7e54f8: 83e4 f048 | b8a0 1846 | e0fa 7f00 | 00ff d049 | 8be4 4d33 | e448 8b45 | f8e9 09ff | ffff f4f4 
[/MachCode]


Compiled method (c1) 15023 1836       3       java.lang.ClassLoader::defineClass (43 bytes)
 total in heap  [0x000002a7d2fd5390,0x000002a7d2fd5cf0] = 2400
 relocation     [0x000002a7d2fd54f0,0x000002a7d2fd5590] = 160
 main code      [0x000002a7d2fd55a0,0x000002a7d2fd5a40] = 1184
 stub code      [0x000002a7d2fd5a40,0x000002a7d2fd5ab8] = 120
 metadata       [0x000002a7d2fd5ab8,0x000002a7d2fd5ae8] = 48
 scopes data    [0x000002a7d2fd5ae8,0x000002a7d2fd5bd8] = 240
 scopes pcs     [0x000002a7d2fd5bd8,0x000002a7d2fd5cb8] = 224
 dependencies   [0x000002a7d2fd5cb8,0x000002a7d2fd5cc8] = 16
 nul chk table  [0x000002a7d2fd5cc8,0x000002a7d2fd5cf0] = 40

[Constant Pool (empty)]

[MachCode]
[Entry Point]
  # {method} {0x000002a7804352d8} 'defineClass' '(Ljava/lang/String;[BIILjava/security/ProtectionDomain;)Ljava/lang/Class;' in 'java/lang/ClassLoader'
  # this:     rdx:rdx   = 'java/lang/ClassLoader'
  # parm0:    r8:r8     = 'java/lang/String'
  # parm1:    r9:r9     = '[B'
  # parm2:    rdi       = int
  # parm3:    rsi       = int
  # parm4:    rcx:rcx   = 'java/security/ProtectionDomain'
  #           [sp+0xc0]  (sp of caller)
  0x000002a7d2fd55a0: 448b 5208 | 49bb 0000 | 0080 a702 | 0000 4d03 | d34c 3bd0 

  0x000002a7d2fd55b4: ;   {runtime_call ic_miss_stub}
  0x000002a7d2fd55b4: 0f85 c68e | 2407 660f | 1f44 0000 
[Verified Entry Point]
  0x000002a7d2fd55c0: 8984 2400 | 80ff ff55 | 4881 ecb0 | 0000 0090 | 4181 7f20 | 0200 0000 

  0x000002a7d2fd55d8: ;   {runtime_call StubRoutines (final stubs)}
  0x000002a7d2fd55d8: 7405 e801 | 3423 0748 | 8954 2478 

  0x000002a7d2fd55e4: ;   {metadata(method data for {method} {0x000002a7804352d8} 'defineClass' '(Ljava/lang/String;[BIILjava/security/ProtectionDomain;)Ljava/lang/Class;' in 'java/lang/ClassLoader')}
  0x000002a7d2fd55e4: 48bb b000 | 37e9 a702 | 0000 8b83 | cc00 0000 | 83c0 0289 | 83cc 0000 | 0025 fe07 | 0000 85c0 
  0x000002a7d2fd5604: 0f84 5803 | 0000 89b4 | 2494 0000 | 0089 bc24 | 9000 0000 | 4c89 8c24 | 8800 0000 

  0x000002a7d2fd5620: ;   {metadata(method data for {method} {0x000002a7804352d8} 'defineClass' '(Ljava/lang/String;[BIILjava/security/ProtectionDomain;)Ljava/lang/Class;' in 'java/lang/ClassLoader')}
  0x000002a7d2fd5620: 488b da48 | b8b0 0037 | e9a7 0200 | 0048 8380 | 1001 0000 | 0149 8bd8 | 4c8b c34c | 8bc9 488b 
  0x000002a7d2fd5640: ca48 8bd1 | 4889 9c24 | 8000 0000 

  0x000002a7d2fd564c: ;   {optimized virtual_call}
  0x000002a7d2fd564c: 6666 90e8 

  0x000002a7d2fd5650: ; ImmutableOopMap {[120]=Oop [128]=Oop [136]=Oop }
                      ;*invokevirtual preDefineClass {reexecute=0 rethrow=0 return_oop=0}
                      ; - java.lang.ClassLoader::defineClass@4
  0x000002a7d2fd5650: 4c59 f0ff 

  0x000002a7d2fd5654: ;   {other}
  0x000002a7d2fd5654: 0f1f 8400 | c402 0000 | 4889 8424 | 9800 0000 | 488b 5424 

  0x000002a7d2fd5668: ;   {metadata(method data for {method} {0x000002a7804352d8} 'defineClass' '(Ljava/lang/String;[BIILjava/security/ProtectionDomain;)Ljava/lang/Class;' in 'java/lang/ClassLoader')}
  0x000002a7d2fd5668: 7849 b8b0 | 0037 e9a7 | 0200 0049 | 8380 4801 

  0x000002a7d2fd5678: ;   {metadata(method data for {method} {0x000002a780434fc0} 'defineClassSourceLocation' '(Ljava/security/ProtectionDomain;)Ljava/lang/String;' in 'java/lang/ClassLoader')}
  0x000002a7d2fd5678: 0000 0149 | b8c8 0737 | e9a7 0200 | 0041 8b90 | cc00 0000 | 83c2 0241 | 8990 cc00 | 0000 81e2 
  0x000002a7d2fd5698: feff 1f00 | 85d2 0f84 | df02 0000 

  0x000002a7d2fd56a4: ; implicit exception: dispatches to 0x000002a7d2fd59a4
  0x000002a7d2fd56a4: 483b 004c 

  0x000002a7d2fd56a8: ;   {metadata(method data for {method} {0x000002a780434fc0} 'defineClassSourceLocation' '(Ljava/security/ProtectionDomain;)Ljava/lang/String;' in 'java/lang/ClassLoader')}
  0x000002a7d2fd56a8: 8bc0 48ba | c807 37e9 | a702 0000 | 4883 8210 | 0100 0001 | 448b 4010 

  0x000002a7d2fd56c0: ;   {metadata(method data for {method} {0x000002a780434fc0} 'defineClassSourceLocation' '(Ljava/security/ProtectionDomain;)Ljava/lang/String;' in 'java/lang/ClassLoader')}
  0x000002a7d2fd56c0: 4d85 c048 | bac8 0737 | e9a7 0200 | 0048 c7c6 | 5801 0000 | 7507 48c7 | c648 0100 | 0048 8b3c 
  0x000002a7d2fd56e0: 3248 8d7f | 0148 893c | 320f 850f 

  0x000002a7d2fd56ec: ;   {oop(nullptr)}
  0x000002a7d2fd56ec: 0000 0048 | bb00 0000 | 0000 0000 | 00e9 a901 | 0000 493b | 0049 8bd0 

  0x000002a7d2fd5704: ;   {metadata(method data for {method} {0x000002a780434fc0} 'defineClassSourceLocation' '(Ljava/security/ProtectionDomain;)Ljava/lang/String;' in 'java/lang/ClassLoader')}
  0x000002a7d2fd5704: 48be c807 | 37e9 a702 | 0000 4883 | 8668 0100 | 0001 418b | 500c 4885 

  0x000002a7d2fd571c: ;   {metadata(method data for {method} {0x000002a780434fc0} 'defineClassSourceLocation' '(Ljava/security/ProtectionDomain;)Ljava/lang/String;' in 'java/lang/ClassLoader')}
  0x000002a7d2fd571c: d248 bec8 | 0737 e9a7 | 0200 0048 | c7c7 b001 | 0000 7507 | 48c7 c7a0 | 0100 0048 | 8b1c 3e48 
  0x000002a7d2fd573c: 8d5b 0148 | 891c 3e0f | 850f 0000 

  0x000002a7d2fd5748: ;   {oop(nullptr)}
  0x000002a7d2fd5748: 0048 bb00 | 0000 0000 | 0000 00e9 | 4f01 0000 

  0x000002a7d2fd5758: ;   {metadata(method data for {method} {0x000002a780434fc0} 'defineClassSourceLocation' '(Ljava/security/ProtectionDomain;)Ljava/lang/String;' in 'java/lang/ClassLoader')}
  0x000002a7d2fd5758: 48be c807 | 37e9 a702 | 0000 4883 | 86c0 0100 | 0001 483b | 024c 8bc2 

  0x000002a7d2fd5770: ;   {metadata(method data for {method} {0x000002a780434fc0} 'defineClassSourceLocation' '(Ljava/security/ProtectionDomain;)Ljava/lang/String;' in 'java/lang/ClassLoader')}
  0x000002a7d2fd5770: 48be c807 | 37e9 a702 | 0000 4883 | 86f8 0100 

  0x000002a7d2fd5780: ;   {metadata(method data for {method} {0x000002a78001abf0} 'toString' '()Ljava/lang/String;' in 'java/net/URL')}
  0x000002a7d2fd5780: 0001 49b8 | 98fb 36e9 | a702 0000 | 418b b0cc | 0000 0083 | c602 4189 | b0cc 0000 | 0081 e6fe 
  0x000002a7d2fd57a0: ff1f 0085 | f60f 8408 | 0200 004c 

  0x000002a7d2fd57ac: ;   {metadata(method data for {method} {0x000002a78001abf0} 'toString' '()Ljava/lang/String;' in 'java/net/URL')}
  0x000002a7d2fd57ac: 8bc2 48be | 98fb 36e9 | a702 0000 | 4883 8610 | 0100 0001 

  0x000002a7d2fd57c0: ;   {metadata(method data for {method} {0x000002a780428b60} 'toExternalForm' '()Ljava/lang/String;' in 'java/net/URL')}
  0x000002a7d2fd57c0: 49b8 e07c | 36e9 a702 | 0000 418b | b0cc 0000 | 0083 c602 | 4189 b0cc | 0000 0081 | e6fe ff1f 
  0x000002a7d2fd57e0: 0085 f60f | 84eb 0100 | 008b 7238 

  0x000002a7d2fd57ec: ; implicit exception: dispatches to 0x000002a7d2fd59f5
  0x000002a7d2fd57ec: 483b 064c 

  0x000002a7d2fd57f0: ;   {metadata(method data for {method} {0x000002a780428b60} 'toExternalForm' '()Ljava/lang/String;' in 'java/net/URL')}
  0x000002a7d2fd57f0: 8bc6 48bf | e07c 36e9 | a702 0000 | 458b 4008 | 49ba 0000 | 0080 a702 | 0000 4d03 | c24c 3b87 
  0x000002a7d2fd5810: 2001 0000 | 750d 4883 | 8728 0100 | 0001 e960 | 0000 004c | 3b87 3001 | 0000 750d | 4883 8738 
  0x000002a7d2fd5830: 0100 0001 | e94a 0000 | 0048 83bf | 2001 0000 | 0075 174c | 8987 2001 | 0000 48c7 | 8728 0100 
  0x000002a7d2fd5850: 0001 0000 | 00e9 2900 | 0000 4883 | bf30 0100 | 0000 7517 | 4c89 8730 | 0100 0048 | c787 3801 
  0x000002a7d2fd5870: 0000 0100 | 0000 e908 | 0000 0048 | 8387 1001 | 0000 014c | 8bc2 488b | d60f 1f40 | 0048 b8ff 
  0x000002a7d2fd5890: ffff ffff 

  0x000002a7d2fd5894: ;   {virtual_call}
  0x000002a7d2fd5894: ffff ffe8 

  0x000002a7d2fd5898: ; ImmutableOopMap {[120]=Oop [128]=Oop [136]=Oop [152]=Oop }
                      ;*invokevirtual toExternalForm {reexecute=0 rethrow=0 return_oop=0}
                      ; - java.net.URL::toExternalForm@5
                      ; - java.net.URL::toString@1
                      ; - java.lang.ClassLoader::defineClassSourceLocation@22
                      ; - java.lang.ClassLoader::defineClass@12
  0x000002a7d2fd5898: e41a 3007 

  0x000002a7d2fd589c: ;   {other}
  0x000002a7d2fd589c: 0f1f 8400 | 0c05 0001 | 488b d848 | 8b84 2498 | 0000 008b | b424 9400 | 0000 8bbc | 2490 0000 
  0x000002a7d2fd58bc: 004c 8b8c | 2488 0000 | 004c 8b84 | 2480 0000 | 0048 8b54 

  0x000002a7d2fd58d0: ;   {metadata(method data for {method} {0x000002a7804352d8} 'defineClass' '(Ljava/lang/String;[BIILjava/security/ProtectionDomain;)Ljava/lang/Class;' in 'java/lang/ClassLoader')}
  0x000002a7d2fd58d0: 2478 48b9 | b000 37e9 | a702 0000 | 4883 8180 | 0100 0001 | 4c8b da49 | 8bd3 488b | c848 891c 
  0x000002a7d2fd58f0: 2466 0f1f 

  0x000002a7d2fd58f4: ;   {static_call}
  0x000002a7d2fd58f4: 4400 00e8 

  0x000002a7d2fd58f8: ; ImmutableOopMap {[120]=Oop [152]=Oop }
                      ;*invokestatic defineClass1 {reexecute=0 rethrow=0 return_oop=0}
                      ; - java.lang.ClassLoader::defineClass@27
  0x000002a7d2fd58f8: 64f9 8007 

  0x000002a7d2fd58fc: ;   {other}
  0x000002a7d2fd58fc: 0f1f 8400 | 6c05 0002 | 488b 5424 

  0x000002a7d2fd5908: ;   {metadata(method data for {method} {0x000002a7804352d8} 'defineClass' '(Ljava/lang/String;[BIILjava/security/ProtectionDomain;)Ljava/lang/Class;' in 'java/lang/ClassLoader')}
  0x000002a7d2fd5908: 7849 b8b0 | 0037 e9a7 | 0200 0049 | 8380 9001 | 0000 014c | 8bc0 4c8b | 8c24 9800 | 0000 488b 
  0x000002a7d2fd5928: 5424 7848 | 8984 24a0 | 0000 000f 

  0x000002a7d2fd5934: ;   {optimized virtual_call}
  0x000002a7d2fd5934: 1f40 00e8 

  0x000002a7d2fd5938: ; ImmutableOopMap {[160]=Oop }
                      ;*invokevirtual postDefineClass {reexecute=0 rethrow=0 return_oop=0}
                      ; - java.lang.ClassLoader::defineClass@37
  0x000002a7d2fd5938: 64cc f8ff 

  0x000002a7d2fd593c: ;   {other}
  0x000002a7d2fd593c: 0f1f 8400 | ac05 0003 | 488b 8424 | a000 0000 | 4881 c4b0 | 0000 005d 

  0x000002a7d2fd5954: ;   {poll_return}
  0x000002a7d2fd5954: 493b a750 | 0400 000f | 8799 0000 

  0x000002a7d2fd5960: ;   {metadata({method} {0x000002a7804352d8} 'defineClass' '(Ljava/lang/String;[BIILjava/security/ProtectionDomain;)Ljava/lang/Class;' in 'java/lang/ClassLoader')}
  0x000002a7d2fd5960: 00c3 49ba | d052 4380 | a702 0000 | 4c89 5424 | 0848 c704 | 24ff ffff 

  0x000002a7d2fd5978: ;   {runtime_call counter_overflow Runtime1 stub}
  0x000002a7d2fd5978: ffe8 82cf 

  0x000002a7d2fd597c: ; ImmutableOopMap {rdx=Oop r8=Oop r9=Oop rcx=Oop [120]=Oop }
                      ;*synchronization entry
                      ; - java.lang.ClassLoader::defineClass@-1
  0x000002a7d2fd597c: 2f07 e987 

  0x000002a7d2fd5980: ;   {metadata({method} {0x000002a780434fc0} 'defineClassSourceLocation' '(Ljava/security/ProtectionDomain;)Ljava/lang/String;' in 'java/lang/ClassLoader')}
  0x000002a7d2fd5980: fcff ff49 | bab8 4f43 | 80a7 0200 | 004c 8954 | 2408 48c7 | 0424 ffff 

  0x000002a7d2fd5998: ;   {runtime_call counter_overflow Runtime1 stub}
  0x000002a7d2fd5998: ffff e861 

  0x000002a7d2fd599c: ; ImmutableOopMap {rax=Oop [120]=Oop [128]=Oop [136]=Oop [152]=Oop }
                      ;*synchronization entry
                      ; - java.lang.ClassLoader::defineClassSourceLocation@-1
                      ; - java.lang.ClassLoader::defineClass@12
  0x000002a7d2fd599c: cf2f 07e9 | 00fd ffff 

  0x000002a7d2fd59a4: ;   {runtime_call throw_null_pointer_exception Runtime1 stub}
  0x000002a7d2fd59a4: e857 782f 

  0x000002a7d2fd59a8: ; ImmutableOopMap {rax=Oop [120]=Oop [128]=Oop [136]=Oop [152]=Oop }
                      ;*invokevirtual getCodeSource {reexecute=0 rethrow=0 return_oop=0}
                      ; - java.lang.ClassLoader::defineClassSourceLocation@1
                      ; - java.lang.ClassLoader::defineClass@12
                      ;   {runtime_call throw_null_pointer_exception Runtime1 stub}
  0x000002a7d2fd59a8: 07e8 5278 

  0x000002a7d2fd59ac: ; ImmutableOopMap {rax=Oop r8=Oop [120]=Oop [128]=Oop [136]=Oop [152]=Oop }
                      ;*invokevirtual getLocation {reexecute=0 rethrow=0 return_oop=0}
                      ; - java.lang.ClassLoader::defineClassSourceLocation@12
                      ; - java.lang.ClassLoader::defineClass@12
                      ;   {runtime_call throw_null_pointer_exception Runtime1 stub}
  0x000002a7d2fd59ac: 2f07 e84d 

  0x000002a7d2fd59b0: ; ImmutableOopMap {rdx=Oop [120]=Oop [128]=Oop [136]=Oop [152]=Oop }
                      ;*invokevirtual toString {reexecute=0 rethrow=0 return_oop=0}
                      ; - java.lang.ClassLoader::defineClassSourceLocation@22
                      ; - java.lang.ClassLoader::defineClass@12
                      ;   {metadata({method} {0x000002a78001abf0} 'toString' '()Ljava/lang/String;' in 'java/net/URL')}
  0x000002a7d2fd59b0: 782f 0749 | bae8 ab01 | 80a7 0200 | 004c 8954 | 2408 48c7 | 0424 ffff 

  0x000002a7d2fd59c8: ;   {runtime_call counter_overflow Runtime1 stub}
  0x000002a7d2fd59c8: ffff e831 

  0x000002a7d2fd59cc: ; ImmutableOopMap {rdx=Oop [120]=Oop [128]=Oop [136]=Oop [152]=Oop }
                      ;*synchronization entry
                      ; - java.net.URL::toString@-1
                      ; - java.lang.ClassLoader::defineClassSourceLocation@22
                      ; - java.lang.ClassLoader::defineClass@12
  0x000002a7d2fd59cc: cf2f 07e9 | d7fd ffff 

  0x000002a7d2fd59d4: ;   {metadata({method} {0x000002a780428b60} 'toExternalForm' '()Ljava/lang/String;' in 'java/net/URL')}
  0x000002a7d2fd59d4: 49ba 588b | 4280 a702 | 0000 4c89 | 5424 0848 | c704 24ff 

  0x000002a7d2fd59e8: ;   {runtime_call counter_overflow Runtime1 stub}
  0x000002a7d2fd59e8: ffff ffe8 

  0x000002a7d2fd59ec: ; ImmutableOopMap {rdx=Oop [120]=Oop [128]=Oop [136]=Oop [152]=Oop }
                      ;*synchronization entry
                      ; - java.net.URL::toExternalForm@-1
                      ; - java.net.URL::toString@1
                      ; - java.lang.ClassLoader::defineClassSourceLocation@22
                      ; - java.lang.ClassLoader::defineClass@12
  0x000002a7d2fd59ec: 10cf 2f07 | e9f4 fdff 

  0x000002a7d2fd59f4: ;   {runtime_call throw_null_pointer_exception Runtime1 stub}
  0x000002a7d2fd59f4: ffe8 0678 

  0x000002a7d2fd59f8: ; ImmutableOopMap {rdx=Oop rsi=Oop [120]=Oop [128]=Oop [136]=Oop [152]=Oop }
                      ;*invokevirtual toExternalForm {reexecute=0 rethrow=0 return_oop=0}
                      ; - java.net.URL::toExternalForm@5
                      ; - java.net.URL::toString@1
                      ; - java.lang.ClassLoader::defineClassSourceLocation@22
                      ; - java.lang.ClassLoader::defineClass@12
                      ;   {internal_word}
  0x000002a7d2fd59f8: 2f07 49ba | 5459 fdd2 | a702 0000 | 4d89 9768 

  0x000002a7d2fd5a08: ;   {runtime_call SafepointBlob}
  0x000002a7d2fd5a08: 0400 00e9 | f0f0 2407 | 498b 8700 | 0500 0049 | c787 0005 | 0000 0000 | 0000 49c7 | 8708 0500 
  0x000002a7d2fd5a28: 0000 0000 | 0048 81c4 | b000 0000 

  0x000002a7d2fd5a34: ;   {runtime_call unwind_exception Runtime1 stub}
  0x000002a7d2fd5a34: 5de9 c668 | 2f07 f4f4 | f4f4 f4f4 
[Stub Code]
  0x000002a7d2fd5a40: ;   {no_reloc}
  0x000002a7d2fd5a40: 0f1f 4400 

  0x000002a7d2fd5a44: ;   {static_stub}
  0x000002a7d2fd5a44: 0048 bb00 | 0000 0000 

  0x000002a7d2fd5a4c: ;   {runtime_call nmethod}
  0x000002a7d2fd5a4c: 0000 00e9 | fbff ffff 

  0x000002a7d2fd5a54: ;   {static_stub}
  0x000002a7d2fd5a54: 48bb 0000 | 0000 0000 

  0x000002a7d2fd5a5c: ;   {runtime_call nmethod}
  0x000002a7d2fd5a5c: 0000 e9fb 

  0x000002a7d2fd5a60: ;   {static_stub}
  0x000002a7d2fd5a60: ffff ff48 | bb00 0000 | 0000 0000 

  0x000002a7d2fd5a6c: ;   {runtime_call nmethod}
  0x000002a7d2fd5a6c: 00e9 fbff 

  0x000002a7d2fd5a70: ;   {static_stub}
  0x000002a7d2fd5a70: ffff 48bb | 0000 0000 | 0000 0000 

  0x000002a7d2fd5a7c: ;   {runtime_call nmethod}
  0x000002a7d2fd5a7c: e9fb ffff 

  0x000002a7d2fd5a80: ;   {runtime_call handle_exception_from_callee Runtime1 stub}
  0x000002a7d2fd5a80: ffe8 7a95 

  0x000002a7d2fd5a84: ;   {external_word}
  0x000002a7d2fd5a84: 2f07 48b9 | 4053 72e0 | fa7f 0000 | 4883 e4f0 

  0x000002a7d2fd5a94: ;   {runtime_call}
  0x000002a7d2fd5a94: 48b8 b0c3 | 34e0 fa7f | 0000 ffd0 

  0x000002a7d2fd5aa0: ;   {section_word}
  0x000002a7d2fd5aa0: f449 baa1 | 5afd d2a7 | 0200 0041 

  0x000002a7d2fd5aac: ;   {runtime_call DeoptimizationBlob}
  0x000002a7d2fd5aac: 52e9 eee2 | 2407 f4f4 | f4f4 f4f4 
[/MachCode]


Compiled method (c1) 15030 2359   !   3       org.eclipse.osgi.internal.loader.ModuleClassLoader::defineClass (67 bytes)
 total in heap  [0x000002a7d3101890,0x000002a7d3102470] = 3040
 relocation     [0x000002a7d31019f0,0x000002a7d3101a98] = 168
 main code      [0x000002a7d3101aa0,0x000002a7d31020a0] = 1536
 stub code      [0x000002a7d31020a0,0x000002a7d3102110] = 112
 oops           [0x000002a7d3102110,0x000002a7d3102118] = 8
 metadata       [0x000002a7d3102118,0x000002a7d3102158] = 64
 scopes data    [0x000002a7d3102158,0x000002a7d31022a8] = 336
 scopes pcs     [0x000002a7d31022a8,0x000002a7d31023b8] = 272
 dependencies   [0x000002a7d31023b8,0x000002a7d31023d0] = 24
 handler table  [0x000002a7d31023d0,0x000002a7d3102448] = 120
 nul chk table  [0x000002a7d3102448,0x000002a7d3102470] = 40

[Constant Pool (empty)]

[MachCode]
[Entry Point]
  # {method} {0x000002a7e95dfe98} 'defineClass' '(Ljava/lang/String;[BLorg/eclipse/osgi/internal/loader/classpath/ClasspathEntry;)Lorg/eclipse/osgi/internal/loader/ModuleClassLoader$DefineClassResult;' in 'org/eclipse/osgi/internal/loader/ModuleClassLoader'
  # this:     rdx:rdx   = 'org/eclipse/osgi/internal/loader/ModuleClassLoader'
  # parm0:    r8:r8     = 'java/lang/String'
  # parm1:    r9:r9     = '[B'
  # parm2:    rdi:rdi   = 'org/eclipse/osgi/internal/loader/classpath/ClasspathEntry'
  #           [sp+0xb0]  (sp of caller)
  0x000002a7d3101aa0: 448b 5208 | 49bb 0000 | 0080 a702 | 0000 4d03 | d34c 3bd0 

  0x000002a7d3101ab4: ;   {runtime_call ic_miss_stub}
  0x000002a7d3101ab4: 0f85 c6c9 | 1107 660f | 1f44 0000 
[Verified Entry Point]
  0x000002a7d3101ac0: 8984 2400 | 80ff ff55 | 4881 eca0 | 0000 0090 | 4181 7f20 | 0200 0000 

  0x000002a7d3101ad8: ;   {runtime_call StubRoutines (final stubs)}
  0x000002a7d3101ad8: 7405 e801 

  0x000002a7d3101adc: ;   {metadata(method data for {method} {0x000002a7e95dfe98} 'defineClass' '(Ljava/lang/String;[BLorg/eclipse/osgi/internal/loader/classpath/ClasspathEntry;)Lorg/eclipse/osgi/internal/loader/ModuleClassLoader$DefineClassResult;' in 'org/eclipse/osgi/internal/loader/ModuleClassLoader')}
  0x000002a7d3101adc: 6f10 0748 | bea8 38ab | e9a7 0200 | 008b 9ecc | 0000 0083 | c302 899e | cc00 0000 | 81e3 fe07 
  0x000002a7d3101afc: 0000 85db | 0f84 5304 | 0000 4889 | 7c24 704c | 894c 2468 

  0x000002a7d3101b10: ;   {metadata(method data for {method} {0x000002a7e95dfe98} 'defineClass' '(Ljava/lang/String;[BLorg/eclipse/osgi/internal/loader/classpath/ClasspathEntry;)Lorg/eclipse/osgi/internal/loader/ModuleClassLoader$DefineClassResult;' in 'org/eclipse/osgi/internal/loader/ModuleClassLoader')}
  0x000002a7d3101b10: 488b f248 | bba8 38ab | e9a7 0200 | 008b 7608 | 49ba 0000 | 0080 a702 | 0000 4903 | f248 3bb3 
  0x000002a7d3101b30: 2001 0000 | 750d 4883 | 8328 0100 | 0001 e960 | 0000 0048 | 3bb3 3001 | 0000 750d | 4883 8338 
  0x000002a7d3101b50: 0100 0001 | e94a 0000 | 0048 83bb | 2001 0000 | 0075 1748 | 89b3 2001 | 0000 48c7 | 8328 0100 
  0x000002a7d3101b70: 0001 0000 | 00e9 2900 | 0000 4883 | bb30 0100 | 0000 7517 | 4889 b330 | 0100 0048 | c783 3801 
  0x000002a7d3101b90: 0000 0100 | 0000 e908 | 0000 0048 | 8383 1001 

  0x000002a7d3101ba0: ;   {metadata(method data for {method} {0x000002a7e9624b48} 'getClassLoadingLock' '(Ljava/lang/String;)Ljava/lang/Object;' in 'org/eclipse/osgi/internal/loader/ModuleClassLoader')}
  0x000002a7d3101ba0: 0000 0148 | be70 b67b | e9a7 0200 | 008b 9ecc | 0000 0083 | c302 899e | cc00 0000 | 81e3 feff 
  0x000002a7d3101bc0: 1f00 85db | 0f84 b003 | 0000 8b72 | 5048 3b06 

  0x000002a7d3101bd0: ;   {metadata(method data for {method} {0x000002a7e9624b48} 'getClassLoadingLock' '(Ljava/lang/String;)Ljava/lang/Object;' in 'org/eclipse/osgi/internal/loader/ModuleClassLoader')}
  0x000002a7d3101bd0: 488b de48 | b870 b67b | e9a7 0200 | 0048 8380 | 1001 0000 | 0149 8bd8 | 4c8b c348 | 8954 2458 
  0x000002a7d3101bf0: 488b d648 | 895c 2460 | 0f1f 8000 

  0x000002a7d3101bfc: ;   {optimized virtual_call}
  0x000002a7d3101bfc: 0000 00e8 

  0x000002a7d3101c00: ; ImmutableOopMap {[88]=Oop [96]=Oop [104]=Oop [112]=Oop }
                      ;*invokevirtual getLock {reexecute=0 rethrow=0 return_oop=0}
                      ; - org.eclipse.osgi.internal.loader.ModuleClassLoader::getClassLoadingLock@5 (line 437)
                      ; - org.eclipse.osgi.internal.loader.ModuleClassLoader::defineClass@8 (line 312)
  0x000002a7d3101c00: 7c25 f1ff 

  0x000002a7d3101c04: ;   {other}
  0x000002a7d3101c04: 0f1f 8400 | 7403 0000 | 4889 4424 | 7848 8d94 | 2480 0000 | 0048 8bf0 | 4889 7208 

  0x000002a7d3101c20: ; implicit exception: dispatches to 0x000002a7d3101fa0
  0x000002a7d3101c20: 488b 0648 | 83c8 0148 | 8902 f048 | 0fb1 160f | 8412 0000 | 0048 2bc4 | 4825 07f0 | ffff 4889 
  0x000002a7d3101c40: 020f 855e | 0300 0049 | ff87 5005 | 0000 488b 

  0x000002a7d3101c50: ;   {metadata(method data for {method} {0x000002a7e95dfe98} 'defineClass' '(Ljava/lang/String;[BLorg/eclipse/osgi/internal/loader/classpath/ClasspathEntry;)Lorg/eclipse/osgi/internal/loader/ModuleClassLoader$DefineClassResult;' in 'org/eclipse/osgi/internal/loader/ModuleClassLoader')}
  0x000002a7d3101c50: 5424 5848 | bea8 38ab | e9a7 0200 | 0048 8386 | 4801 0000 

  0x000002a7d3101c64: ;   {metadata(method data for {method} {0x000002a7804353e0} 'findLoadedClass' '(Ljava/lang/String;)Ljava/lang/Class;' in 'java/lang/ClassLoader')}
  0x000002a7d3101c64: 0148 ba30 | e323 e9a7 | 0200 008b | b2cc 0000 | 0083 c602 | 89b2 cc00 | 0000 81e6 | feff 1f00 
  0x000002a7d3101c84: 85f6 0f84 | 2c03 0000 

  0x000002a7d3101c8c: ;   {metadata(method data for {method} {0x000002a7804353e0} 'findLoadedClass' '(Ljava/lang/String;)Ljava/lang/Class;' in 'java/lang/ClassLoader')}
  0x000002a7d3101c8c: 48ba 30e3 | 23e9 a702 | 0000 4883 | 8210 0100 | 0001 488b | 5424 600f 

  0x000002a7d3101ca4: ;   {static_call}
  0x000002a7d3101ca4: 1f40 00e8 

  0x000002a7d3101ca8: ; ImmutableOopMap {[88]=Oop [96]=Oop [104]=Oop [112]=Oop [120]=Oop [136]=Oop }
                      ;*invokestatic checkName {reexecute=0 rethrow=0 return_oop=0}
                      ; - java.lang.ClassLoader::findLoadedClass@1
                      ; - org.eclipse.osgi.internal.loader.ModuleClassLoader::defineClass@17 (line 313)
  0x000002a7d3101ca8: 1474 7507 

  0x000002a7d3101cac: ;   {other}
  0x000002a7d3101cac: 0f1f 8400 | 1c04 0001 

  0x000002a7d3101cb4: ;   {metadata(method data for {method} {0x000002a7804353e0} 'findLoadedClass' '(Ljava/lang/String;)Ljava/lang/Class;' in 'java/lang/ClassLoader')}
  0x000002a7d3101cb4: 85c0 49b8 | 30e3 23e9 | a702 0000 | 48c7 c220 | 0100 0075 | 0748 c7c2 | 3001 0000 | 498b 3410 
  0x000002a7d3101cd4: 488d 7601 | 4989 3410 | 0f85 0f00 

  0x000002a7d3101ce0: ;   {oop(nullptr)}
  0x000002a7d3101ce0: 0000 48be | 0000 0000 | 0000 0000 | e936 0000 | 0048 8b54 

  0x000002a7d3101cf4: ;   {metadata(method data for {method} {0x000002a7804353e0} 'findLoadedClass' '(Ljava/lang/String;)Ljava/lang/Class;' in 'java/lang/ClassLoader')}
  0x000002a7d3101cf4: 2458 49b8 | 30e3 23e9 | a702 0000 | 4983 8040 | 0100 0001 | 4c8b 4424 | 6048 8b54 | 2458 0f1f 
  0x000002a7d3101d14: ;   {optimized virtual_call}
  0x000002a7d3101d14: 4400 00e8 

  0x000002a7d3101d18: ; ImmutableOopMap {[88]=Oop [96]=Oop [104]=Oop [112]=Oop [120]=Oop [136]=Oop }
                      ;*invokevirtual findLoadedClass0 {reexecute=0 rethrow=0 return_oop=0}
                      ; - java.lang.ClassLoader::findLoadedClass@11
                      ; - org.eclipse.osgi.internal.loader.ModuleClassLoader::defineClass@17 (line 313)
  0x000002a7d3101d18: 2427 6907 

  0x000002a7d3101d1c: ;   {other}
  0x000002a7d3101d1c: 0f1f 8400 | 8c04 0002 | 488b f048 

  0x000002a7d3101d28: ;   {metadata(method data for {method} {0x000002a7e95dfe98} 'defineClass' '(Ljava/lang/String;[BLorg/eclipse/osgi/internal/loader/classpath/ClasspathEntry;)Lorg/eclipse/osgi/internal/loader/ModuleClassLoader$DefineClassResult;' in 'org/eclipse/osgi/internal/loader/ModuleClassLoader')}
  0x000002a7d3101d28: 85f6 49b8 | a838 abe9 | a702 0000 | 49c7 c190 | 0100 0074 | 0749 c7c1 | 8001 0000 | 4b8b 3c08 
  0x000002a7d3101d48: 488d 7f01 | 4b89 3c08 | 0f84 0e00 | 0000 488b | de41 b800 | 0000 00e9 | 6900 0000 | 488b 7c24 
  0x000002a7d3101d68: 704c 8b4c | 2468 4c8b | 4424 6048 | 8b54 2458 

  0x000002a7d3101d78: ; implicit exception: dispatches to 0x000002a7d3101fd9
  0x000002a7d3101d78: 418b 710c 

  0x000002a7d3101d7c: ; implicit exception: dispatches to 0x000002a7d3101fde
  0x000002a7d3101d7c: 483b 0748 

  0x000002a7d3101d80: ;   {metadata(method data for {method} {0x000002a7e95dfe98} 'defineClass' '(Ljava/lang/String;[BLorg/eclipse/osgi/internal/loader/classpath/ClasspathEntry;)Lorg/eclipse/osgi/internal/loader/ModuleClassLoader$DefineClassResult;' in 'org/eclipse/osgi/internal/loader/ModuleClassLoader')}
  0x000002a7d3101d80: 8bcf 48bb | a838 abe9 | a702 0000 | 4883 83b8 | 0100 0001 | 8b4f 1048 

  0x000002a7d3101d98: ;   {metadata(method data for {method} {0x000002a7e95dfe98} 'defineClass' '(Ljava/lang/String;[BLorg/eclipse/osgi/internal/loader/classpath/ClasspathEntry;)Lorg/eclipse/osgi/internal/loader/ModuleClassLoader$DefineClassResult;' in 'org/eclipse/osgi/internal/loader/ModuleClassLoader')}
  0x000002a7d3101d98: 8bfa 48bb | a838 abe9 | a702 0000 | 4883 83d8 | 0100 0001 | bf00 0000 | 0066 0f1f 

  0x000002a7d3101db4: ;   {optimized virtual_call}
  0x000002a7d3101db4: 4400 00e8 

  0x000002a7d3101db8: ; ImmutableOopMap {[120]=Oop [136]=Oop }
                      ;*invokevirtual defineClass {reexecute=0 rethrow=0 return_oop=0}
                      ; - org.eclipse.osgi.internal.loader.ModuleClassLoader::defineClass@37 (line 315)
  0x000002a7d3101db8: 0438 edff 

  0x000002a7d3101dbc: ;   {other}
  0x000002a7d3101dbc: 0f1f 8400 | 2c05 0003 | 488b d841 | b801 0000 | 0048 8d84 | 2480 0000 | 0048 8b10 | 4885 d20f 
  0x000002a7d3101ddc: 840f 0000 | 0048 8b70 | 08f0 480f | b116 0f85 | f301 0000 | 49ff 8f50 

  0x000002a7d3101df4: ;   {metadata(method data for {method} {0x000002a7e95dfe98} 'defineClass' '(Ljava/lang/String;[BLorg/eclipse/osgi/internal/loader/classpath/ClasspathEntry;)Lorg/eclipse/osgi/internal/loader/ModuleClassLoader$DefineClassResult;' in 'org/eclipse/osgi/internal/loader/ModuleClassLoader')}
  0x000002a7d3101df4: 0500 0048 | baa8 38ab | e9a7 0200 | 00ff 8210 

  0x000002a7d3101e04: ;   {metadata('org/eclipse/osgi/internal/loader/ModuleClassLoader$DefineClassResult')}
  0x000002a7d3101e04: 0200 0048 | ba18 a211 | 81a7 0200 | 0049 8b87 | b801 0000 | 488d 7818 | 493b bfc8 | 0100 000f 
  0x000002a7d3101e24: 87d0 0100 | 0049 89bf | b801 0000 | 48c7 0001 | 0000 0048 | 8bca 49ba | 0000 0080 | a702 0000 
  0x000002a7d3101e44: 492b ca89 | 4808 4833 | c989 480c | 4833 c948 | 8948 1048 

  0x000002a7d3101e58: ;   {metadata(method data for {method} {0x000002a7e95dfe98} 'defineClass' '(Ljava/lang/String;[BLorg/eclipse/osgi/internal/loader/classpath/ClasspathEntry;)Lorg/eclipse/osgi/internal/loader/ModuleClassLoader$DefineClassResult;' in 'org/eclipse/osgi/internal/loader/ModuleClassLoader')}
  0x000002a7d3101e58: 8bf0 48bf | a838 abe9 | a702 0000 | 4883 8728 | 0200 0001 

  0x000002a7d3101e6c: ;   {metadata(method data for {method} {0x000002a7e973ece0} '<init>' '(Ljava/lang/Class;Z)V' in 'org/eclipse/osgi/internal/loader/ModuleClassLoader$DefineClassResult')}
  0x000002a7d3101e6c: 48be 1885 | a2e9 a702 | 0000 8bbe | cc00 0000 | 83c7 0289 | becc 0000 | 0081 e7fe | ff1f 0085 
  0x000002a7d3101e8c: ff0f 8473 | 0100 0048 

  0x000002a7d3101e94: ;   {metadata(method data for {method} {0x000002a7e973ece0} '<init>' '(Ljava/lang/Class;Z)V' in 'org/eclipse/osgi/internal/loader/ModuleClassLoader$DefineClassResult')}
  0x000002a7d3101e94: 8bf0 48bf | 1885 a2e9 | a702 0000 | 4883 8710 | 0100 0001 

  0x000002a7d3101ea8: ;   {metadata(method data for {method} {0x000002a780474dc0} '<init>' '()V' in 'java/lang/Object')}
  0x000002a7d3101ea8: 48be 9067 | 00e9 a702 | 0000 8bbe | cc00 0000 | 83c7 0289 | becc 0000 | 0081 e7fe | ff1f 0085 
  0x000002a7d3101ec8: ff0f 8458 | 0100 004c | 8bd3 4489 | 5010 488d | 3048 c1ee | 0948 bf00 | 0004 cfa7 | 0200 00c6 
  0x000002a7d3101ee8: 043e 0041 | 83e0 0144 | 8840 0c48 | 81c4 a000 

  0x000002a7d3101ef8: ;   {poll_return}
  0x000002a7d3101ef8: 0000 5d49 | 3ba7 5004 | 0000 0f87 | 4001 0000 | c349 8b87 | 0005 0000 | 4d33 d24d | 8997 0005 
  0x000002a7d3101f18: 0000 4d33 | d24d 8997 | 0805 0000 | 488b f048 | 8d84 2480 | 0000 0048 | 8b38 4885 | ff0f 840f 
  0x000002a7d3101f38: 0000 0048 | 8b58 08f0 | 480f b13b | 0f85 1401 | 0000 49ff | 8f50 0500 | 0048 8bc6 | e938 0100 
  0x000002a7d3101f58: ;   {metadata({method} {0x000002a7e95dfe98} 'defineClass' '(Ljava/lang/String;[BLorg/eclipse/osgi/internal/loader/classpath/ClasspathEntry;)Lorg/eclipse/osgi/internal/loader/ModuleClassLoader$DefineClassResult;' in 'org/eclipse/osgi/internal/loader/ModuleClassLoader')}
  0x000002a7d3101f58: 0049 ba90 | fe5d e9a7 | 0200 004c | 8954 2408 | 48c7 0424 | ffff ffff 

  0x000002a7d3101f70: ;   {runtime_call counter_overflow Runtime1 stub}
  0x000002a7d3101f70: e88b 091d 

  0x000002a7d3101f74: ; ImmutableOopMap {rdx=Oop r8=Oop r9=Oop rdi=Oop }
                      ;*synchronization entry
                      ; - org.eclipse.osgi.internal.loader.ModuleClassLoader::defineClass@-1 (line 310)
  0x000002a7d3101f74: 07e9 8cfb 

  0x000002a7d3101f78: ;   {metadata({method} {0x000002a7e9624b48} 'getClassLoadingLock' '(Ljava/lang/String;)Ljava/lang/Object;' in 'org/eclipse/osgi/internal/loader/ModuleClassLoader')}
  0x000002a7d3101f78: ffff 49ba | 404b 62e9 | a702 0000 | 4c89 5424 | 0848 c704 | 24ff ffff 

  0x000002a7d3101f90: ;   {runtime_call counter_overflow Runtime1 stub}
  0x000002a7d3101f90: ffe8 6a09 

  0x000002a7d3101f94: ; ImmutableOopMap {rdx=Oop r8=Oop [104]=Oop [112]=Oop }
                      ;*synchronization entry
                      ; - org.eclipse.osgi.internal.loader.ModuleClassLoader::getClassLoadingLock@-1 (line 437)
                      ; - org.eclipse.osgi.internal.loader.ModuleClassLoader::defineClass@8 (line 312)
  0x000002a7d3101f94: 1d07 e92f 

  0x000002a7d3101f98: ;   {runtime_call throw_null_pointer_exception Runtime1 stub}
  0x000002a7d3101f98: fcff ffe8 

  0x000002a7d3101f9c: ; ImmutableOopMap {rdx=Oop r8=Oop rsi=Oop [104]=Oop [112]=Oop }
                      ;*invokevirtual getLock {reexecute=0 rethrow=0 return_oop=0}
                      ; - org.eclipse.osgi.internal.loader.ModuleClassLoader::getClassLoadingLock@5 (line 437)
                      ; - org.eclipse.osgi.internal.loader.ModuleClassLoader::defineClass@8 (line 312)
  0x000002a7d3101f9c: 60b2 1c07 

  0x000002a7d3101fa0: ;   {runtime_call throw_null_pointer_exception Runtime1 stub}
  0x000002a7d3101fa0: e85b b21c 

  0x000002a7d3101fa4: ; ImmutableOopMap {rsi=Oop [88]=Oop [96]=Oop [104]=Oop [112]=Oop [120]=Oop }
                      ;*monitorenter {reexecute=0 rethrow=0 return_oop=0}
                      ; - org.eclipse.osgi.internal.loader.ModuleClassLoader::defineClass@14 (line 312)
  0x000002a7d3101fa4: 0748 8974 | 2408 4889 

  0x000002a7d3101fac: ;   {runtime_call monitorenter_nofpu Runtime1 stub}
  0x000002a7d3101fac: 1424 e84d 

  0x000002a7d3101fb0: ; ImmutableOopMap {rsi=Oop [88]=Oop [96]=Oop [104]=Oop [112]=Oop [120]=Oop [136]=Oop }
                      ;*monitorenter {reexecute=0 rethrow=0 return_oop=0}
                      ; - org.eclipse.osgi.internal.loader.ModuleClassLoader::defineClass@14 (line 312)
  0x000002a7d3101fb0: e21c 07e9 | 96fc ffff 

  0x000002a7d3101fb8: ;   {metadata({method} {0x000002a7804353e0} 'findLoadedClass' '(Ljava/lang/String;)Ljava/lang/Class;' in 'java/lang/ClassLoader')}
  0x000002a7d3101fb8: 49ba d853 | 4380 a702 | 0000 4c89 | 5424 0848 | c704 24ff 

  0x000002a7d3101fcc: ;   {runtime_call counter_overflow Runtime1 stub}
  0x000002a7d3101fcc: ffff ffe8 

  0x000002a7d3101fd0: ; ImmutableOopMap {[88]=Oop [96]=Oop [104]=Oop [112]=Oop [120]=Oop [136]=Oop }
                      ;*synchronization entry
                      ; - java.lang.ClassLoader::findLoadedClass@-1
                      ; - org.eclipse.osgi.internal.loader.ModuleClassLoader::defineClass@17 (line 313)
  0x000002a7d3101fd0: 2c09 1d07 | e9b3 fcff 

  0x000002a7d3101fd8: ;   {runtime_call throw_null_pointer_exception Runtime1 stub}
  0x000002a7d3101fd8: ffe8 22b2 

  0x000002a7d3101fdc: ; ImmutableOopMap {rdx=Oop r8=Oop r9=Oop rdi=Oop [120]=Oop [136]=Oop }
                      ;*arraylength {reexecute=0 rethrow=0 return_oop=0}
                      ; - org.eclipse.osgi.internal.loader.ModuleClassLoader::defineClass@32 (line 315)
                      ;   {runtime_call throw_null_pointer_exception Runtime1 stub}
  0x000002a7d3101fdc: 1c07 e81d 

  0x000002a7d3101fe0: ; ImmutableOopMap {rdx=Oop r8=Oop r9=Oop rdi=Oop [120]=Oop [136]=Oop }
                      ;*invokevirtual getDomain {reexecute=0 rethrow=0 return_oop=0}
                      ; - org.eclipse.osgi.internal.loader.ModuleClassLoader::defineClass@34 (line 315)
  0x000002a7d3101fe0: b21c 0748 | 8d84 2480 | 0000 0048 

  0x000002a7d3101fec: ;   {runtime_call monitorexit_nofpu Runtime1 stub}
  0x000002a7d3101fec: 8904 24e8 | 0ce8 1c07 | e9fe fdff | ff48 8bd2 

  0x000002a7d3101ffc: ;   {runtime_call fast_new_instance Runtime1 stub}
  0x000002a7d3101ffc: e8ff ba1c 

  0x000002a7d3102000: ; ImmutableOopMap {rbx=Oop }
                      ;*new {reexecute=0 rethrow=0 return_oop=0}
                      ; - org.eclipse.osgi.internal.loader.ModuleClassLoader::defineClass@55 (line 319)
  0x000002a7d3102000: 07e9 51fe 

  0x000002a7d3102004: ;   {metadata({method} {0x000002a7e973ece0} '<init>' '(Ljava/lang/Class;Z)V' in 'org/eclipse/osgi/internal/loader/ModuleClassLoader$DefineClassResult')}
  0x000002a7d3102004: ffff 49ba | d8ec 73e9 | a702 0000 | 4c89 5424 | 0848 c704 | 24ff ffff 

  0x000002a7d310201c: ;   {runtime_call counter_overflow Runtime1 stub}
  0x000002a7d310201c: ffe8 de08 

  0x000002a7d3102020: ; ImmutableOopMap {rbx=Oop rax=Oop }
                      ;*synchronization entry
                      ; - org.eclipse.osgi.internal.loader.ModuleClassLoader$DefineClassResult::<init>@-1 (line 96)
                      ; - org.eclipse.osgi.internal.loader.ModuleClassLoader::defineClass@63 (line 319)
  0x000002a7d3102020: 1d07 e96c 

  0x000002a7d3102024: ;   {metadata({method} {0x000002a780474dc0} '<init>' '()V' in 'java/lang/Object')}
  0x000002a7d3102024: feff ff49 | bab8 4d47 | 80a7 0200 | 004c 8954 | 2408 48c7 | 0424 ffff 

  0x000002a7d310203c: ;   {runtime_call counter_overflow Runtime1 stub}
  0x000002a7d310203c: ffff e8bd 

  0x000002a7d3102040: ; ImmutableOopMap {rbx=Oop rax=Oop }
                      ;*synchronization entry
                      ; - java.lang.Object::<init>@-1
                      ; - org.eclipse.osgi.internal.loader.ModuleClassLoader$DefineClassResult::<init>@1 (line 96)
                      ; - org.eclipse.osgi.internal.loader.ModuleClassLoader::defineClass@63 (line 319)
  0x000002a7d3102040: 081d 07e9 | 87fe ffff 

  0x000002a7d3102048: ;   {internal_word}
  0x000002a7d3102048: 49ba fb1e | 10d3 a702 | 0000 4d89 | 9768 0400 

  0x000002a7d3102058: ;   {runtime_call SafepointBlob}
  0x000002a7d3102058: 00e9 a22a | 1207 488d | 8424 8000 | 0000 4889 

  0x000002a7d3102068: ;   {runtime_call monitorexit_nofpu Runtime1 stub}
  0x000002a7d3102068: 0424 e891 | e71c 07e9 | ddfe ffff | 498b 8700 | 0500 0049 | c787 0005 | 0000 0000 | 0000 49c7 
  0x000002a7d3102088: 8708 0500 | 0000 0000 | 0048 81c4 | a000 0000 

  0x000002a7d3102098: ;   {runtime_call unwind_exception Runtime1 stub}
  0x000002a7d3102098: 5de9 62a2 | 1c07 f4f4 
[Stub Code]
  0x000002a7d31020a0: ;   {no_reloc}
  0x000002a7d31020a0: 48bb 0000 | 0000 0000 

  0x000002a7d31020a8: ;   {runtime_call nmethod}
  0x000002a7d31020a8: 0000 e9fb 

  0x000002a7d31020ac: ;   {static_stub}
  0x000002a7d31020ac: ffff ff48 | bb00 0000 | 0000 0000 

  0x000002a7d31020b8: ;   {runtime_call nmethod}
  0x000002a7d31020b8: 00e9 fbff 

  0x000002a7d31020bc: ;   {static_stub}
  0x000002a7d31020bc: ffff 48bb | 0000 0000 | 0000 0000 

  0x000002a7d31020c8: ;   {runtime_call nmethod}
  0x000002a7d31020c8: e9fb ffff 

  0x000002a7d31020cc: ;   {static_stub}
  0x000002a7d31020cc: ff48 bb00 | 0000 0000 

  0x000002a7d31020d4: ;   {runtime_call nmethod}
  0x000002a7d31020d4: 0000 00e9 | fbff ffff 
[Exception Handler]
  0x000002a7d31020dc: ;   {runtime_call handle_exception_from_callee Runtime1 stub}
  0x000002a7d31020dc: e81f cf1c 

  0x000002a7d31020e0: ;   {external_word}
  0x000002a7d31020e0: 0748 b940 | 5372 e0fa | 7f00 0048 

  0x000002a7d31020ec: ;   {runtime_call}
  0x000002a7d31020ec: 83e4 f048 | b8b0 c334 | e0fa 7f00 | 00ff d0f4 
[Deopt Handler Code]
  0x000002a7d31020fc: ;   {section_word}
  0x000002a7d31020fc: 49ba fc20 | 10d3 a702 | 0000 4152 

  0x000002a7d3102108: ;   {runtime_call DeoptimizationBlob}
  0x000002a7d3102108: e993 1c12 | 07f4 f4f4 
[/MachCode]


---------------  P R O C E S S  ---------------

Threads class SMR info:
_java_thread_list=0x000002a7ede4bb40, length=34, elements={
0x000002a7cfaa45a0, 0x000002a7cfb453b0, 0x000002a7cfb48ba0, 0x000002a7cfb49b90,
0x000002a7cfb4c700, 0x000002a7cfb4e6c0, 0x000002a7cfb4f120, 0x000002a7cfb530c0,
0x000002a7cfb55cc0, 0x000002a7e79ee0a0, 0x000002a7e7b536e0, 0x000002a7e8c701e0,
0x000002a7e8797560, 0x000002a7e8a27d20, 0x000002a7e8d28050, 0x000002a7ed15e4b0,
0x000002a7e8cdb9d0, 0x000002a7e8b5ea00, 0x000002a7e8b5fdb0, 0x000002a7e8b5f720,
0x000002a7e8b61160, 0x000002a7e8b60ad0, 0x000002a7e8b5f090, 0x000002a7e8b60440,
0x000002a7e8b5dce0, 0x000002a7e8b5e370, 0x000002a7e7afabc0, 0x000002a7e7af9810,
0x000002a7e7af9ea0, 0x000002a7e7afa530, 0x000002a7e7af8460, 0x000002a7e7afb250,
0x000002a7e7afbf70, 0x000002a7e7afb8e0
}

Java Threads: ( => current thread )
=>0x000002a7cfaa45a0 JavaThread "main"                              [_thread_in_vm, id=12764, stack(0x000000affbe00000,0x000000affbf00000) (1024K)]
  0x000002a7cfb453b0 JavaThread "Reference Handler"          daemon [_thread_blocked, id=10356, stack(0x000000affc200000,0x000000affc300000) (1024K)]
  0x000002a7cfb48ba0 JavaThread "Finalizer"                  daemon [_thread_blocked, id=19000, stack(0x000000affc300000,0x000000affc400000) (1024K)]
  0x000002a7cfb49b90 JavaThread "Signal Dispatcher"          daemon [_thread_blocked, id=12568, stack(0x000000affc400000,0x000000affc500000) (1024K)]
  0x000002a7cfb4c700 JavaThread "Attach Listener"            daemon [_thread_blocked, id=19288, stack(0x000000affc500000,0x000000affc600000) (1024K)]
  0x000002a7cfb4e6c0 JavaThread "Service Thread"             daemon [_thread_blocked, id=16504, stack(0x000000affc600000,0x000000affc700000) (1024K)]
  0x000002a7cfb4f120 JavaThread "Monitor Deflation Thread"   daemon [_thread_blocked, id=5784, stack(0x000000affc700000,0x000000affc800000) (1024K)]
  0x000002a7cfb530c0 JavaThread "C2 CompilerThread0"         daemon [_thread_blocked, id=16932, stack(0x000000affc800000,0x000000affc900000) (1024K)]
  0x000002a7cfb55cc0 JavaThread "C1 CompilerThread0"         daemon [_thread_blocked, id=12484, stack(0x000000affc900000,0x000000affca00000) (1024K)]
  0x000002a7e79ee0a0 JavaThread "Common-Cleaner"             daemon [_thread_blocked, id=2756, stack(0x000000affcb00000,0x000000affcc00000) (1024K)]
  0x000002a7e7b536e0 JavaThread "Notification Thread"        daemon [_thread_blocked, id=5728, stack(0x000000affcc00000,0x000000affcd00000) (1024K)]
  0x000002a7e8c701e0 JavaThread "Active Thread: Equinox Container: 46ec9f2f-07e8-4cd9-9f19-7ad9edd59d05"        [_thread_blocked, id=9540, stack(0x000000affca00000,0x000000affcb00000) (1024K)]
  0x000002a7e8797560 JavaThread "Framework Event Dispatcher: Equinox Container: 46ec9f2f-07e8-4cd9-9f19-7ad9edd59d05" daemon [_thread_blocked, id=17448, stack(0x000000affd400000,0x000000affd500000) (1024K)]
  0x000002a7e8a27d20 JavaThread "Start Level: Equinox Container: 46ec9f2f-07e8-4cd9-9f19-7ad9edd59d05" daemon [_thread_blocked, id=17684, stack(0x000000affd500000,0x000000affd600000) (1024K)]
  0x000002a7e8d28050 JavaThread "SCR Component Actor"        daemon [_thread_blocked, id=18528, stack(0x000000affd300000,0x000000affd400000) (1024K)]
  0x000002a7ed15e4b0 JavaThread "Worker-JM"                         [_thread_blocked, id=4692, stack(0x000000affd700000,0x000000affd800000) (1024K)]
  0x000002a7e8cdb9d0 JavaThread "Worker-0"                          [_thread_blocked, id=3904, stack(0x000000affdb00000,0x000000affdc00000) (1024K)]
  0x000002a7e8b5ea00 JavaThread "Worker-1"                          [_thread_blocked, id=13376, stack(0x000000affdc00000,0x000000affdd00000) (1024K)]
  0x000002a7e8b5fdb0 JavaThread "JNA Cleaner"                daemon [_thread_blocked, id=9200, stack(0x000000affda00000,0x000000affdb00000) (1024K)]
  0x000002a7e8b5f720 JavaThread "Thread-1"                   daemon [_thread_in_native, id=5092, stack(0x000000affe000000,0x000000affe100000) (1024K)]
  0x000002a7e8b61160 JavaThread "Thread-2"                   daemon [_thread_in_native, id=16164, stack(0x000000affe100000,0x000000affe200000) (1024K)]
  0x000002a7e8b60ad0 JavaThread "Thread-3"                   daemon [_thread_in_native, id=7252, stack(0x000000affe200000,0x000000affe300000) (1024K)]
  0x000002a7e8b5f090 JavaThread "Thread-4"                   daemon [_thread_in_native, id=14896, stack(0x000000affe300000,0x000000affe400000) (1024K)]
  0x000002a7e8b60440 JavaThread "Thread-5"                   daemon [_thread_in_native, id=17588, stack(0x000000affe400000,0x000000affe500000) (1024K)]
  0x000002a7e8b5dce0 JavaThread "Thread-6"                   daemon [_thread_in_native, id=16152, stack(0x000000affe500000,0x000000affe600000) (1024K)]
  0x000002a7e8b5e370 JavaThread "Thread-7"                   daemon [_thread_in_native, id=8300, stack(0x000000affe600000,0x000000affe700000) (1024K)]
  0x000002a7e7afabc0 JavaThread "Thread-8"                   daemon [_thread_in_native, id=17480, stack(0x000000affe700000,0x000000affe800000) (1024K)]
  0x000002a7e7af9810 JavaThread "Thread-9"                   daemon [_thread_in_native, id=10856, stack(0x000000affe800000,0x000000affe900000) (1024K)]
  0x000002a7e7af9ea0 JavaThread "Thread-10"                  daemon [_thread_in_native, id=19300, stack(0x000000affe900000,0x000000affea00000) (1024K)]
  0x000002a7e7afa530 JavaThread "Thread-11"                  daemon [_thread_in_native, id=6996, stack(0x000000affea00000,0x000000affeb00000) (1024K)]
  0x000002a7e7af8460 JavaThread "Thread-12"                  daemon [_thread_in_native, id=8032, stack(0x000000affeb00000,0x000000affec00000) (1024K)]
  0x000002a7e7afb250 JavaThread "Thread-13"                  daemon [_thread_in_native, id=6300, stack(0x000000affec00000,0x000000affed00000) (1024K)]
  0x000002a7e7afbf70 JavaThread "Worker-2"                          [_thread_blocked, id=10572, stack(0x000000affed00000,0x000000affee00000) (1024K)]
  0x000002a7e7afb8e0 JavaThread "pool-2-thread-1"                   [_thread_blocked, id=2000, stack(0x000000affdf00000,0x000000affe000000) (1024K)]
Total: 34

Other Threads:
  0x000002a7cfa34520 VMThread "VM Thread"                           [id=15500, stack(0x000000affc100000,0x000000affc200000) (1024K)] _threads_hazard_ptr=0x000002a7ede4bb40
  0x000002a7cf92ba00 WatcherThread "VM Periodic Task Thread"        [id=17904, stack(0x000000affc000000,0x000000affc100000) (1024K)]
  0x000002a7cfac2d20 WorkerThread "GC Thread#0"                     [id=17056, stack(0x000000affbf00000,0x000000affc000000) (1024K)]
  0x000002a7e875f0e0 WorkerThread "GC Thread#1"                     [id=14956, stack(0x000000affcd00000,0x000000affce00000) (1024K)]
  0x000002a7e875f490 WorkerThread "GC Thread#2"                     [id=4192, stack(0x000000affce00000,0x000000affcf00000) (1024K)]
  0x000002a7e88058b0 WorkerThread "GC Thread#3"                     [id=19016, stack(0x000000affcf00000,0x000000affd000000) (1024K)]
  0x000002a7e8805c60 WorkerThread "GC Thread#4"                     [id=9992, stack(0x000000affd000000,0x000000affd100000) (1024K)]
  0x000002a7e8cc4450 WorkerThread "GC Thread#5"                     [id=16396, stack(0x000000affd100000,0x000000affd200000) (1024K)]
  0x000002a7e8cc4800 WorkerThread "GC Thread#6"                     [id=14300, stack(0x000000affd200000,0x000000affd300000) (1024K)]
  0x000002a7e8f34840 WorkerThread "GC Thread#7"                     [id=18320, stack(0x000000affd600000,0x000000affd700000) (1024K)]
  0x000002a7e8f34490 WorkerThread "GC Thread#8"                     [id=2004, stack(0x000000affd800000,0x000000affd900000) (1024K)]
  0x000002a7e8f340e0 WorkerThread "GC Thread#9"                     [id=4400, stack(0x000000affd900000,0x000000affda00000) (1024K)]
Total: 12

Threads with active compile tasks:
Total: 0

VM state: synchronizing (normal execution)

VM Mutex/Monitor currently owned by a thread:  ([mutex/lock_event])
[0x00007ffae09dc4e0] Metaspace_lock - owner thread: 0x000002a7cfaa45a0
[0x00007ffae09de560] Threads_lock - owner thread: 0x000002a7cfa34520

Heap address: 0x0000000080000000, size: 2048 MB, Compressed Oops mode: 32-bit

CDS archive(s) mapped at: [0x000002a780000000-0x000002a780ba0000-0x000002a780ba0000), size 12189696, SharedBaseAddress: 0x000002a780000000, ArchiveRelocationMode: 1.
Compressed class space mapped at: 0x000002a781000000-0x000002a7c1000000, reserved size: 1073741824
Narrow klass base: 0x000002a780000000, Narrow klass shift: 0, Narrow klass range: 0x100000000

GC Precious Log:
 CardTable entry size: 512
 CPUs: 12 total, 12 available
 Memory: 7896M
 Large Page Support: Disabled
 NUMA Support: Disabled
 Compressed Oops: Enabled (32-bit)
 Alignments: Space 512K, Generation 512K, Heap 2M
 Heap Min Capacity: 100M
 Heap Initial Capacity: 100M
 Heap Max Capacity: 2G
 Pre-touch: Disabled
 Parallel Workers: 10

Heap:
 PSYoungGen      total 27136K, used 10666K [0x00000000d5580000, 0x00000000d7480000, 0x0000000100000000)
  eden space 24576K, 33% used [0x00000000d5580000,0x00000000d5d7b800,0x00000000d6d80000)
  from space 2560K, 97% used [0x00000000d6e00000,0x00000000d706f028,0x00000000d7080000)
  to   space 3584K, 0% used [0x00000000d7100000,0x00000000d7100000,0x00000000d7480000)
 ParOldGen       total 68608K, used 10218K [0x0000000080000000, 0x0000000084300000, 0x00000000d5580000)
  object space 68608K, 14% used [0x0000000080000000,0x00000000809fa9b0,0x0000000084300000)
 Metaspace       used 26337K, committed 27136K, reserved 1114112K
  class space    used 2608K, committed 2944K, reserved 1048576K

Card table byte_map: [0x000002a7cf440000,0x000002a7cf850000] _byte_map_base: 0x000002a7cf040000

Marking Bits: (ParMarkBitMap*) 0x00007ffae09e3450
 Begin Bits: [0x000002a7e1f50000, 0x000002a7e3f50000)
 End Bits:   [0x000002a7e3f50000, 0x000002a7e5f50000)

Polling page: 0x000002a7cd880000

Metaspace:

Usage:
  Non-class:     23.17 MB used.
      Class:      2.55 MB used.
       Both:     25.72 MB used.

Virtual space:
  Non-class space:       64.00 MB reserved,      23.62 MB ( 37%) committed,  1 nodes.
      Class space:        1.00 GB reserved,       2.88 MB ( <1%) committed,  1 nodes.
             Both:        1.06 GB reserved,      26.50 MB (  2%) committed. 

Chunk freelists:
   Non-Class:  8.05 MB
       Class:  13.11 MB
        Both:  21.16 MB

MaxMetaspaceSize: unlimited
CompressedClassSpaceSize: 1.00 GB
Initial GC threshold: 21.00 MB
Current GC threshold: 35.00 MB
CDS: on
 - commit_granule_bytes: 65536.
 - commit_granule_words: 8192.
 - virtual_space_node_default_size: 8388608.
 - enlarge_chunks_in_place: 1.
 - use_allocation_guard: 0.


Internal statistics:

num_allocs_failed_limit: 3.
num_arena_births: 538.
num_arena_deaths: 14.
num_vsnodes_births: 2.
num_vsnodes_deaths: 0.
num_space_committed: 424.
num_space_uncommitted: 0.
num_chunks_returned_to_freelist: 17.
num_chunks_taken_from_freelist: 1518.
num_chunk_merges: 9.
num_chunk_splits: 996.
num_chunks_enlarged: 643.
num_inconsistent_stats: 0.

CodeHeap 'non-profiled nmethods': size=120000Kb used=1547Kb max_used=1547Kb free=118452Kb
 bounds [0x000002a7da770000, 0x000002a7da9e0000, 0x000002a7e1ca0000]
CodeHeap 'profiled nmethods': size=120000Kb used=6228Kb max_used=6228Kb free=113771Kb
 bounds [0x000002a7d2ca0000, 0x000002a7d32c0000, 0x000002a7da1d0000]
CodeHeap 'non-nmethods': size=5760Kb used=1332Kb max_used=1357Kb free=4427Kb
 bounds [0x000002a7da1d0000, 0x000002a7da440000, 0x000002a7da770000]
CodeCache: size=245760Kb, used=9107Kb, max_used=9132Kb, free=236650Kb
 total_blobs=3801, nmethods=3180, adapters=527, full_count=0
Compilation: enabled, stopped_count=0, restarted_count=0

Compilation events (20 events):
Event: 12.967 Thread 0x000002a7cfb55cc0 3172       3       sun.reflect.generics.parser.SignatureParser::parseClassTypeSignature (118 bytes)
Event: 12.967 Thread 0x000002a7cfb55cc0 nmethod 3172 0x000002a7d32ac890 code [0x000002a7d32acc20, 0x000002a7d32adea8]
Event: 12.967 Thread 0x000002a7cfb55cc0 3173       3       sun.reflect.generics.parser.SignatureParser::parsePackageNameAndSimpleClassTypeSignature (119 bytes)
Event: 12.968 Thread 0x000002a7cfb55cc0 nmethod 3173 0x000002a7d32ae690 code [0x000002a7d32ae980, 0x000002a7d32af3c0]
Event: 12.968 Thread 0x000002a7cfb55cc0 3174       3       sun.reflect.generics.tree.SimpleClassTypeSignature::make (11 bytes)
Event: 12.968 Thread 0x000002a7cfb55cc0 nmethod 3174 0x000002a7d32af810 code [0x000002a7d32af9c0, 0x000002a7d32afc00]
Event: 12.968 Thread 0x000002a7cfb55cc0 3176       3       java.nio.ByteBuffer::limit (6 bytes)
Event: 12.968 Thread 0x000002a7cfb55cc0 nmethod 3176 0x000002a7d32afd10 code [0x000002a7d32afec0, 0x000002a7d32b0088]
Event: 12.968 Thread 0x000002a7cfb55cc0 3177       3       sun.reflect.generics.tree.ClassTypeSignature::accept (8 bytes)
Event: 12.968 Thread 0x000002a7cfb55cc0 nmethod 3177 0x000002a7d32b0110 code [0x000002a7d32b02c0, 0x000002a7d32b0460]
Event: 12.968 Thread 0x000002a7cfb55cc0 3178       3       sun.reflect.generics.visitor.Reifier::visitClassTypeSignature (381 bytes)
Event: 12.969 Thread 0x000002a7cfb55cc0 nmethod 3178 0x000002a7d32b0590 code [0x000002a7d32b09a0, 0x000002a7d32b2438]
Event: 12.969 Thread 0x000002a7cfb55cc0 3179   !   3       sun.reflect.generics.factory.CoreReflectionFactory::makeNamedType (21 bytes)
Event: 12.969 Thread 0x000002a7cfb55cc0 nmethod 3179 0x000002a7d32b2e10 code [0x000002a7d32b2fe0, 0x000002a7d32b3278]
Event: 12.972 Thread 0x000002a7cfb55cc0 3180       3       jdk.internal.reflect.ConstantPool::getUTF8At (10 bytes)
Event: 12.972 Thread 0x000002a7cfb55cc0 nmethod 3180 0x000002a7d32b3410 code [0x000002a7d32b35c0, 0x000002a7d32b3708]
Event: 12.972 Thread 0x000002a7cfb55cc0 3181       3       sun.reflect.annotation.AnnotationInvocationHandler::invoke (182 bytes)
Event: 12.973 Thread 0x000002a7cfb55cc0 nmethod 3181 0x000002a7d32b3790 code [0x000002a7d32b3ae0, 0x000002a7d32b4be0]
Event: 12.974 Thread 0x000002a7cfb530c0 3182       4       java.util.ArrayList::<init> (61 bytes)
Event: 12.976 Thread 0x000002a7cfb530c0 nmethod 3182 0x000002a7da8f2910 code [0x000002a7da8f2aa0, 0x000002a7da8f2cb0]

GC Heap History (16 events):
Event: 2.362 GC heap before
{Heap before GC invocations=1 (full 0):
 PSYoungGen      total 29696K, used 25600K [0x00000000d5580000, 0x00000000d7680000, 0x0000000100000000)
  eden space 25600K, 100% used [0x00000000d5580000,0x00000000d6e80000,0x00000000d6e80000)
  from space 4096K, 0% used [0x00000000d7280000,0x00000000d7280000,0x00000000d7680000)
  to   space 4096K, 0% used [0x00000000d6e80000,0x00000000d6e80000,0x00000000d7280000)
 ParOldGen       total 68608K, used 0K [0x0000000080000000, 0x0000000084300000, 0x00000000d5580000)
  object space 68608K, 0% used [0x0000000080000000,0x0000000080000000,0x0000000084300000)
 Metaspace       used 4345K, committed 4608K, reserved 1114112K
  class space    used 473K, committed 576K, reserved 1048576K
}
Event: 2.379 GC heap after
{Heap after GC invocations=1 (full 0):
 PSYoungGen      total 29696K, used 3319K [0x00000000d5580000, 0x00000000d7680000, 0x0000000100000000)
  eden space 25600K, 0% used [0x00000000d5580000,0x00000000d5580000,0x00000000d6e80000)
  from space 4096K, 81% used [0x00000000d6e80000,0x00000000d71bdea8,0x00000000d7280000)
  to   space 4096K, 0% used [0x00000000d7280000,0x00000000d7280000,0x00000000d7680000)
 ParOldGen       total 68608K, used 16K [0x0000000080000000, 0x0000000084300000, 0x00000000d5580000)
  object space 68608K, 0% used [0x0000000080000000,0x0000000080004000,0x0000000084300000)
 Metaspace       used 4345K, committed 4608K, reserved 1114112K
  class space    used 473K, committed 576K, reserved 1048576K
}
Event: 4.792 GC heap before
{Heap before GC invocations=2 (full 0):
 PSYoungGen      total 29696K, used 28919K [0x00000000d5580000, 0x00000000d7680000, 0x0000000100000000)
  eden space 25600K, 100% used [0x00000000d5580000,0x00000000d6e80000,0x00000000d6e80000)
  from space 4096K, 81% used [0x00000000d6e80000,0x00000000d71bdea8,0x00000000d7280000)
  to   space 4096K, 0% used [0x00000000d7280000,0x00000000d7280000,0x00000000d7680000)
 ParOldGen       total 68608K, used 16K [0x0000000080000000, 0x0000000084300000, 0x00000000d5580000)
  object space 68608K, 0% used [0x0000000080000000,0x0000000080004000,0x0000000084300000)
 Metaspace       used 8186K, committed 8512K, reserved 1114112K
  class space    used 870K, committed 1024K, reserved 1048576K
}
Event: 4.804 GC heap after
{Heap after GC invocations=2 (full 0):
 PSYoungGen      total 29696K, used 4086K [0x00000000d5580000, 0x00000000d7680000, 0x0000000100000000)
  eden space 25600K, 0% used [0x00000000d5580000,0x00000000d5580000,0x00000000d6e80000)
  from space 4096K, 99% used [0x00000000d7280000,0x00000000d767d810,0x00000000d7680000)
  to   space 4096K, 0% used [0x00000000d6e80000,0x00000000d6e80000,0x00000000d7280000)
 ParOldGen       total 68608K, used 1135K [0x0000000080000000, 0x0000000084300000, 0x00000000d5580000)
  object space 68608K, 1% used [0x0000000080000000,0x000000008011beb8,0x0000000084300000)
 Metaspace       used 8186K, committed 8512K, reserved 1114112K
  class space    used 870K, committed 1024K, reserved 1048576K
}
Event: 6.262 GC heap before
{Heap before GC invocations=3 (full 0):
 PSYoungGen      total 29696K, used 29686K [0x00000000d5580000, 0x00000000d7680000, 0x0000000100000000)
  eden space 25600K, 100% used [0x00000000d5580000,0x00000000d6e80000,0x00000000d6e80000)
  from space 4096K, 99% used [0x00000000d7280000,0x00000000d767d810,0x00000000d7680000)
  to   space 4096K, 0% used [0x00000000d6e80000,0x00000000d6e80000,0x00000000d7280000)
 ParOldGen       total 68608K, used 1135K [0x0000000080000000, 0x0000000084300000, 0x00000000d5580000)
  object space 68608K, 1% used [0x0000000080000000,0x000000008011beb8,0x0000000084300000)
 Metaspace       used 13002K, committed 13632K, reserved 1114112K
  class space    used 1380K, committed 1664K, reserved 1048576K
}
Event: 6.271 GC heap after
{Heap after GC invocations=3 (full 0):
 PSYoungGen      total 29696K, used 4074K [0x00000000d5580000, 0x00000000d7680000, 0x0000000100000000)
  eden space 25600K, 0% used [0x00000000d5580000,0x00000000d5580000,0x00000000d6e80000)
  from space 4096K, 99% used [0x00000000d6e80000,0x00000000d727a9c8,0x00000000d7280000)
  to   space 4096K, 0% used [0x00000000d7280000,0x00000000d7280000,0x00000000d7680000)
 ParOldGen       total 68608K, used 2906K [0x0000000080000000, 0x0000000084300000, 0x00000000d5580000)
  object space 68608K, 4% used [0x0000000080000000,0x00000000802d6b90,0x0000000084300000)
 Metaspace       used 13002K, committed 13632K, reserved 1114112K
  class space    used 1380K, committed 1664K, reserved 1048576K
}
Event: 7.198 GC heap before
{Heap before GC invocations=4 (full 0):
 PSYoungGen      total 29696K, used 29674K [0x00000000d5580000, 0x00000000d7680000, 0x0000000100000000)
  eden space 25600K, 100% used [0x00000000d5580000,0x00000000d6e80000,0x00000000d6e80000)
  from space 4096K, 99% used [0x00000000d6e80000,0x00000000d727a9c8,0x00000000d7280000)
  to   space 4096K, 0% used [0x00000000d7280000,0x00000000d7280000,0x00000000d7680000)
 ParOldGen       total 68608K, used 2906K [0x0000000080000000, 0x0000000084300000, 0x00000000d5580000)
  object space 68608K, 4% used [0x0000000080000000,0x00000000802d6b90,0x0000000084300000)
 Metaspace       used 15946K, committed 16512K, reserved 1114112K
  class space    used 1660K, committed 1920K, reserved 1048576K
}
Event: 7.208 GC heap after
{Heap after GC invocations=4 (full 0):
 PSYoungGen      total 29696K, used 4093K [0x00000000d5580000, 0x00000000d7680000, 0x0000000100000000)
  eden space 25600K, 0% used [0x00000000d5580000,0x00000000d5580000,0x00000000d6e80000)
  from space 4096K, 99% used [0x00000000d7280000,0x00000000d767f458,0x00000000d7680000)
  to   space 4096K, 0% used [0x00000000d6e80000,0x00000000d6e80000,0x00000000d7280000)
 ParOldGen       total 68608K, used 5238K [0x0000000080000000, 0x0000000084300000, 0x00000000d5580000)
  object space 68608K, 7% used [0x0000000080000000,0x000000008051db38,0x0000000084300000)
 Metaspace       used 15946K, committed 16512K, reserved 1114112K
  class space    used 1660K, committed 1920K, reserved 1048576K
}
Event: 7.879 GC heap before
{Heap before GC invocations=5 (full 0):
 PSYoungGen      total 29696K, used 29671K [0x00000000d5580000, 0x00000000d7680000, 0x0000000100000000)
  eden space 25600K, 99% used [0x00000000d5580000,0x00000000d6e7a840,0x00000000d6e80000)
  from space 4096K, 99% used [0x00000000d7280000,0x00000000d767f458,0x00000000d7680000)
  to   space 4096K, 0% used [0x00000000d6e80000,0x00000000d6e80000,0x00000000d7280000)
 ParOldGen       total 68608K, used 5238K [0x0000000080000000, 0x0000000084300000, 0x00000000d5580000)
  object space 68608K, 7% used [0x0000000080000000,0x000000008051db38,0x0000000084300000)
 Metaspace       used 20149K, committed 20800K, reserved 1114112K
  class space    used 1965K, committed 2240K, reserved 1048576K
}
Event: 7.886 GC heap after
{Heap after GC invocations=5 (full 0):
 PSYoungGen      total 29184K, used 4089K [0x00000000d5580000, 0x00000000d7900000, 0x0000000100000000)
  eden space 25088K, 0% used [0x00000000d5580000,0x00000000d5580000,0x00000000d6e00000)
  from space 4096K, 99% used [0x00000000d6e80000,0x00000000d727e4e8,0x00000000d7280000)
  to   space 5632K, 0% used [0x00000000d7380000,0x00000000d7380000,0x00000000d7900000)
 ParOldGen       total 68608K, used 6140K [0x0000000080000000, 0x0000000084300000, 0x00000000d5580000)
  object space 68608K, 8% used [0x0000000080000000,0x00000000805ff000,0x0000000084300000)
 Metaspace       used 20149K, committed 20800K, reserved 1114112K
  class space    used 1965K, committed 2240K, reserved 1048576K
}
Event: 8.307 GC heap before
{Heap before GC invocations=6 (full 0):
 PSYoungGen      total 29184K, used 23397K [0x00000000d5580000, 0x00000000d7900000, 0x0000000100000000)
  eden space 25088K, 76% used [0x00000000d5580000,0x00000000d685b070,0x00000000d6e00000)
  from space 4096K, 99% used [0x00000000d6e80000,0x00000000d727e4e8,0x00000000d7280000)
  to   space 5632K, 0% used [0x00000000d7380000,0x00000000d7380000,0x00000000d7900000)
 ParOldGen       total 68608K, used 6140K [0x0000000080000000, 0x0000000084300000, 0x00000000d5580000)
  object space 68608K, 8% used [0x0000000080000000,0x00000000805ff000,0x0000000084300000)
 Metaspace       used 20902K, committed 21504K, reserved 1114112K
  class space    used 2009K, committed 2304K, reserved 1048576K
}
Event: 8.315 GC heap after
{Heap after GC invocations=6 (full 0):
 PSYoungGen      total 30720K, used 5430K [0x00000000d5580000, 0x00000000d7900000, 0x0000000100000000)
  eden space 25088K, 0% used [0x00000000d5580000,0x00000000d5580000,0x00000000d6e00000)
  from space 5632K, 96% used [0x00000000d7380000,0x00000000d78cdbe8,0x00000000d7900000)
  to   space 5632K, 0% used [0x00000000d6e00000,0x00000000d6e00000,0x00000000d7380000)
 ParOldGen       total 68608K, used 6929K [0x0000000080000000, 0x0000000084300000, 0x00000000d5580000)
  object space 68608K, 10% used [0x0000000080000000,0x00000000806c4510,0x0000000084300000)
 Metaspace       used 20902K, committed 21504K, reserved 1114112K
  class space    used 2009K, committed 2304K, reserved 1048576K
}
Event: 8.315 GC heap before
{Heap before GC invocations=7 (full 1):
 PSYoungGen      total 30720K, used 5430K [0x00000000d5580000, 0x00000000d7900000, 0x0000000100000000)
  eden space 25088K, 0% used [0x00000000d5580000,0x00000000d5580000,0x00000000d6e00000)
  from space 5632K, 96% used [0x00000000d7380000,0x00000000d78cdbe8,0x00000000d7900000)
  to   space 5632K, 0% used [0x00000000d6e00000,0x00000000d6e00000,0x00000000d7380000)
 ParOldGen       total 68608K, used 6929K [0x0000000080000000, 0x0000000084300000, 0x00000000d5580000)
  object space 68608K, 10% used [0x0000000080000000,0x00000000806c4510,0x0000000084300000)
 Metaspace       used 20902K, committed 21504K, reserved 1114112K
  class space    used 2009K, committed 2304K, reserved 1048576K
}
Event: 8.371 GC heap after
{Heap after GC invocations=7 (full 1):
 PSYoungGen      total 30720K, used 0K [0x00000000d5580000, 0x00000000d7900000, 0x0000000100000000)
  eden space 25088K, 0% used [0x00000000d5580000,0x00000000d5580000,0x00000000d6e00000)
  from space 5632K, 0% used [0x00000000d7380000,0x00000000d7380000,0x00000000d7900000)
  to   space 5632K, 0% used [0x00000000d6e00000,0x00000000d6e00000,0x00000000d7380000)
 ParOldGen       total 68608K, used 10210K [0x0000000080000000, 0x0000000084300000, 0x00000000d5580000)
  object space 68608K, 14% used [0x0000000080000000,0x00000000809f89b0,0x0000000084300000)
 Metaspace       used 20889K, committed 21504K, reserved 1114112K
  class space    used 2005K, committed 2304K, reserved 1048576K
}
Event: 12.895 GC heap before
{Heap before GC invocations=8 (full 1):
 PSYoungGen      total 30720K, used 25088K [0x00000000d5580000, 0x00000000d7900000, 0x0000000100000000)
  eden space 25088K, 100% used [0x00000000d5580000,0x00000000d6e00000,0x00000000d6e00000)
  from space 5632K, 0% used [0x00000000d7380000,0x00000000d7380000,0x00000000d7900000)
  to   space 5632K, 0% used [0x00000000d6e00000,0x00000000d6e00000,0x00000000d7380000)
 ParOldGen       total 68608K, used 10210K [0x0000000080000000, 0x0000000084300000, 0x00000000d5580000)
  object space 68608K, 14% used [0x0000000080000000,0x00000000809f89b0,0x0000000084300000)
 Metaspace       used 25278K, committed 25984K, reserved 1114112K
  class space    used 2462K, committed 2752K, reserved 1048576K
}
Event: 12.897 GC heap after
{Heap after GC invocations=8 (full 1):
 PSYoungGen      total 27136K, used 2492K [0x00000000d5580000, 0x00000000d7480000, 0x0000000100000000)
  eden space 24576K, 0% used [0x00000000d5580000,0x00000000d5580000,0x00000000d6d80000)
  from space 2560K, 97% used [0x00000000d6e00000,0x00000000d706f028,0x00000000d7080000)
  to   space 3584K, 0% used [0x00000000d7100000,0x00000000d7100000,0x00000000d7480000)
 ParOldGen       total 68608K, used 10218K [0x0000000080000000, 0x0000000084300000, 0x00000000d5580000)
  object space 68608K, 14% used [0x0000000080000000,0x00000000809fa9b0,0x0000000084300000)
 Metaspace       used 25278K, committed 25984K, reserved 1114112K
  class space    used 2462K, committed 2752K, reserved 1048576K
}

Dll operation events (10 events):
Event: 0.029 Loaded shared library c:\Users\Kavis\.vscode\extensions\redhat.java-1.53.0-win32-x64\jre\21.0.10-win32-x86_64\bin\java.dll
Event: 0.253 Loaded shared library c:\Users\Kavis\.vscode\extensions\redhat.java-1.53.0-win32-x64\jre\21.0.10-win32-x86_64\bin\zip.dll
Event: 0.319 Loaded shared library C:\Users\Kavis\.vscode\extensions\redhat.java-1.53.0-win32-x64\jre\21.0.10-win32-x86_64\bin\instrument.dll
Event: 0.337 Loaded shared library C:\Users\Kavis\.vscode\extensions\redhat.java-1.53.0-win32-x64\jre\21.0.10-win32-x86_64\bin\net.dll
Event: 0.345 Loaded shared library C:\Users\Kavis\.vscode\extensions\redhat.java-1.53.0-win32-x64\jre\21.0.10-win32-x86_64\bin\nio.dll
Event: 0.361 Loaded shared library C:\Users\Kavis\.vscode\extensions\redhat.java-1.53.0-win32-x64\jre\21.0.10-win32-x86_64\bin\zip.dll
Event: 0.441 Loaded shared library C:\Users\Kavis\.vscode\extensions\redhat.java-1.53.0-win32-x64\jre\21.0.10-win32-x86_64\bin\jimage.dll
Event: 0.708 Loaded shared library c:\Users\Kavis\.vscode\extensions\redhat.java-1.53.0-win32-x64\jre\21.0.10-win32-x86_64\bin\verify.dll
Event: 4.722 Loaded shared library C:\Users\Kavis\AppData\Roaming\Code\User\globalStorage\redhat.java\1.53.0\config_ss_win\org.eclipse.equinox.launcher\org.eclipse.equinox.launcher.win32.win32.x86_64_1.3.0.v20260203-2149\eclipse_11919.dll
Event: 11.729 Loaded shared library C:\Users\Kavis\AppData\Local\Temp\jna-72270570\jna1360326270365700995.dll

Deoptimization events (20 events):
Event: 9.469 Thread 0x000002a7e8a27d20 Uncommon trap: trap_request=0xffffff45 fr.pc=0x000002a7da8870f4 relative=0x0000000000000434
Event: 9.469 Thread 0x000002a7e8a27d20 Uncommon trap: reason=unstable_if action=reinterpret pc=0x000002a7da8870f4 method=java.lang.AbstractStringBuilder.isLatin1()Z @ 10 c2
Event: 9.469 Thread 0x000002a7e8a27d20 DEOPT PACKING pc=0x000002a7da8870f4 sp=0x000000affd5fde50
Event: 9.469 Thread 0x000002a7e8a27d20 DEOPT UNPACKING pc=0x000002a7da223aa2 sp=0x000000affd5fddc0 mode 2
Event: 9.572 Thread 0x000002a7e8a27d20 Uncommon trap: trap_request=0xffffff45 fr.pc=0x000002a7da88c910 relative=0x0000000000000f30
Event: 9.572 Thread 0x000002a7e8a27d20 Uncommon trap: reason=unstable_if action=reinterpret pc=0x000002a7da88c910 method=java.util.Properties$LineReader.readLine()I @ 256 c2
Event: 9.572 Thread 0x000002a7e8a27d20 DEOPT PACKING pc=0x000002a7da88c910 sp=0x000000affd5fb360
Event: 9.572 Thread 0x000002a7e8a27d20 DEOPT UNPACKING pc=0x000002a7da223aa2 sp=0x000000affd5fb2f8 mode 2
Event: 9.587 Thread 0x000002a7e8a27d20 Uncommon trap: trap_request=0xffffff45 fr.pc=0x000002a7da7aab90 relative=0x0000000000000670
Event: 9.587 Thread 0x000002a7e8a27d20 Uncommon trap: reason=unstable_if action=reinterpret pc=0x000002a7da7aab90 method=java.lang.String.replace(Ljava/lang/CharSequence;Ljava/lang/CharSequence;)Ljava/lang/String; @ 42 c2
Event: 9.587 Thread 0x000002a7e8a27d20 DEOPT PACKING pc=0x000002a7da7aab90 sp=0x000000affd5fb840
Event: 9.587 Thread 0x000002a7e8a27d20 DEOPT UNPACKING pc=0x000002a7da223aa2 sp=0x000000affd5fb7c0 mode 2
Event: 11.759 Thread 0x000002a7e8a27d20 Uncommon trap: trap_request=0xffffff45 fr.pc=0x000002a7da819644 relative=0x0000000000000124
Event: 11.759 Thread 0x000002a7e8a27d20 Uncommon trap: reason=unstable_if action=reinterpret pc=0x000002a7da819644 method=jdk.internal.org.objectweb.asm.SymbolTable.put(Ljdk/internal/org/objectweb/asm/SymbolTable$Entry;)Ljdk/internal/org/objectweb/asm/SymbolTable$Entry; @ 13 c2
Event: 11.759 Thread 0x000002a7e8a27d20 DEOPT PACKING pc=0x000002a7da819644 sp=0x000000affd5fb950
Event: 11.759 Thread 0x000002a7e8a27d20 DEOPT UNPACKING pc=0x000002a7da223aa2 sp=0x000000affd5fb8b0 mode 2
Event: 11.773 Thread 0x000002a7e8a27d20 Uncommon trap: trap_request=0xffffff45 fr.pc=0x000002a7da87ffe8 relative=0x0000000000000388
Event: 11.773 Thread 0x000002a7e8a27d20 Uncommon trap: reason=unstable_if action=reinterpret pc=0x000002a7da87ffe8 method=java.lang.Integer.parseInt(Ljava/lang/String;I)I @ 119 c2
Event: 11.773 Thread 0x000002a7e8a27d20 DEOPT PACKING pc=0x000002a7da87ffe8 sp=0x000000affd5fc7c0
Event: 11.773 Thread 0x000002a7e8a27d20 DEOPT UNPACKING pc=0x000002a7da223aa2 sp=0x000000affd5fc728 mode 2

Classes loaded (20 events):
Event: 12.924 Loading class sun/reflect/generics/tree/ClassSignature
Event: 12.924 Loading class sun/reflect/generics/tree/ClassSignature done
Event: 12.924 Loading class sun/reflect/generics/tree/TypeVariableSignature
Event: 12.924 Loading class sun/reflect/generics/tree/TypeVariableSignature done
Event: 12.925 Loading class sun/reflect/generics/reflectiveObjects/TypeVariableImpl
Event: 12.925 Loading class sun/reflect/generics/reflectiveObjects/LazyReflectiveObjectGenerator
Event: 12.925 Loading class sun/reflect/generics/reflectiveObjects/LazyReflectiveObjectGenerator done
Event: 12.925 Loading class sun/reflect/generics/reflectiveObjects/TypeVariableImpl done
Event: 12.933 Loading class java/lang/Deprecated
Event: 12.933 Loading class java/lang/Deprecated done
Event: 12.934 Loading class jdk/internal/vm/annotation/IntrinsicCandidate
Event: 12.934 Loading class jdk/internal/vm/annotation/IntrinsicCandidate done
Event: 12.955 Loading class sun/reflect/generics/tree/BottomSignature
Event: 12.955 Loading class sun/reflect/generics/tree/BottomSignature done
Event: 12.956 Loading class sun/reflect/generics/tree/Wildcard
Event: 12.956 Loading class sun/reflect/generics/tree/Wildcard done
Event: 12.956 Loading class sun/reflect/generics/reflectiveObjects/WildcardTypeImpl
Event: 12.956 Loading class java/lang/reflect/WildcardType
Event: 12.956 Loading class java/lang/reflect/WildcardType done
Event: 12.956 Loading class sun/reflect/generics/reflectiveObjects/WildcardTypeImpl done

Classes unloaded (7 events):
Event: 8.326 Thread 0x000002a7cfa34520 Unloading class 0x000002a781190c00 'java/lang/invoke/LambdaForm$MH+0x000002a781190c00'
Event: 8.326 Thread 0x000002a7cfa34520 Unloading class 0x000002a781190800 'java/lang/invoke/LambdaForm$MH+0x000002a781190800'
Event: 8.326 Thread 0x000002a7cfa34520 Unloading class 0x000002a781190400 'java/lang/invoke/LambdaForm$MH+0x000002a781190400'
Event: 8.326 Thread 0x000002a7cfa34520 Unloading class 0x000002a781190000 'java/lang/invoke/LambdaForm$MH+0x000002a781190000'
Event: 8.326 Thread 0x000002a7cfa34520 Unloading class 0x000002a78118fc00 'java/lang/invoke/LambdaForm$BMH+0x000002a78118fc00'
Event: 8.326 Thread 0x000002a7cfa34520 Unloading class 0x000002a78118f800 'java/lang/invoke/LambdaForm$DMH+0x000002a78118f800'
Event: 8.326 Thread 0x000002a7cfa34520 Unloading class 0x000002a78118e400 'java/lang/invoke/LambdaForm$DMH+0x000002a78118e400'

Classes redefined (0 events):
No events

Internal exceptions (20 events):
Event: 9.492 Thread 0x000002a7e8a27d20 Exception <a 'java/io/FileNotFoundException'{0x00000000d646fec0}> (0x00000000d646fec0) 
thrown [s\src\hotspot\share\prims\jni.cpp, line 520]
Event: 11.766 Thread 0x000002a7e8a27d20 Exception <a 'java/lang/UnsatisfiedLinkError'{0x00000000d6803b88}: The specified procedure could not be found.
> (0x00000000d6803b88) 
thrown [s\src\hotspot\share\prims\jni.cpp, line 539]
Event: 11.773 Thread 0x000002a7e8a27d20 Exception <a 'java/io/FileNotFoundException'{0x00000000d68298c0}> (0x00000000d68298c0) 
thrown [s\src\hotspot\share\prims\jni.cpp, line 520]
Event: 11.788 Thread 0x000002a7e8a27d20 Exception <a 'java/io/FileNotFoundException'{0x00000000d68a50b8}> (0x00000000d68a50b8) 
thrown [s\src\hotspot\share\prims\jni.cpp, line 520]
Event: 11.807 Thread 0x000002a7e8a27d20 Exception <a 'java/lang/NoSuchMethodError'{0x00000000d693a218}: 'void java.lang.invoke.DirectMethodHandle$Holder.invokeSpecial(java.lang.Object, java.lang.Object, java.lang.Object, int)'> (0x00000000d693a218) 
thrown [s\src\hotspot\share\interpreter\linkResolver.cpp, line 773]
Event: 11.808 Thread 0x000002a7e8a27d20 Exception <a 'java/lang/NoSuchMethodError'{0x00000000d693d8e8}: 'void java.lang.invoke.DelegatingMethodHandle$Holder.reinvoke_L(java.lang.Object, java.lang.Object, int)'> (0x00000000d693d8e8) 
thrown [s\src\hotspot\share\interpreter\linkResolver.cpp, line 773]
Event: 11.809 Thread 0x000002a7e8a27d20 Exception <a 'java/lang/NoSuchMethodError'{0x00000000d6944280}: 'int java.lang.invoke.Invokers$Holder.invokeExact_MT(java.lang.Object, java.lang.Object, java.lang.Object)'> (0x00000000d6944280) 
thrown [s\src\hotspot\share\interpreter\linkResolver.cpp, line 773]
Event: 11.812 Thread 0x000002a7e8a27d20 Exception <a 'java/lang/UnsatisfiedLinkError'{0x00000000d6957c38}: The specified procedure could not be found.
> (0x00000000d6957c38) 
thrown [s\src\hotspot\share\prims\jni.cpp, line 539]
Event: 11.820 Thread 0x000002a7e8a27d20 Exception <a 'java/lang/NoSuchMethodError'{0x00000000d6963e28}: 'void java.lang.invoke.Invokers$Holder.invokeExact_MT(java.lang.Object, java.lang.Object, int, java.lang.Object)'> (0x00000000d6963e28) 
thrown [s\src\hotspot\share\interpreter\linkResolver.cpp, line 773]
Event: 11.865 Thread 0x000002a7cfaa45a0 Exception <a 'java/lang/NoSuchMethodError'{0x00000000d6d17f30}: 'java.lang.Object java.lang.invoke.DirectMethodHandle$Holder.invokeStatic(java.lang.Object, long, java.lang.Object)'> (0x00000000d6d17f30) 
thrown [s\src\hotspot\share\interpreter\linkResolver.cpp, line 773]
Event: 11.866 Thread 0x000002a7cfaa45a0 Exception <a 'java/lang/NoSuchMethodError'{0x00000000d6d1b598}: 'java.lang.Object java.lang.invoke.DirectMethodHandle$Holder.invokeStaticInit(java.lang.Object, long, java.lang.Object)'> (0x00000000d6d1b598) 
thrown [s\src\hotspot\share\interpreter\linkResolver.cpp, line 773]
Event: 11.866 Thread 0x000002a7cfaa45a0 Exception <a 'java/lang/NoSuchMethodError'{0x00000000d6d46620}: 'java.lang.Object java.lang.invoke.DirectMethodHandle$Holder.newInvokeSpecial(java.lang.Object, long)'> (0x00000000d6d46620) 
thrown [s\src\hotspot\share\interpreter\linkResolver.cpp, line 773]
Event: 12.913 Thread 0x000002a7e8b5ea00 Exception <a 'java/io/FileNotFoundException'{0x00000000d5835ff8}> (0x00000000d5835ff8) 
thrown [s\src\hotspot\share\prims\jni.cpp, line 520]
Event: 12.913 Thread 0x000002a7e8b5ea00 Exception <a 'java/io/FileNotFoundException'{0x00000000d58375a8}> (0x00000000d58375a8) 
thrown [s\src\hotspot\share\prims\jni.cpp, line 520]
Event: 12.914 Thread 0x000002a7e8b5ea00 Exception <a 'java/lang/NoSuchMethodError'{0x00000000d586b4b0}: 'java.lang.Object java.lang.invoke.DirectMethodHandle$Holder.newInvokeSpecial(java.lang.Object, java.lang.Object, java.lang.Object, int)'> (0x00000000d586b4b0) 
thrown [s\src\hotspot\share\interpreter\linkResolver.cpp, line 773]
Event: 12.914 Thread 0x000002a7e8b5ea00 Exception <a 'java/lang/NoSuchMethodError'{0x00000000d586f088}: 'java.lang.Object java.lang.invoke.DirectMethodHandle$Holder.invokeSpecial(java.lang.Object, java.lang.Object, java.lang.Object, java.lang.Object, int)'> (0x00000000d586f088) 
thrown [s\src\hotspot\share\interpreter\linkResolver.cpp, line 773]
Event: 12.915 Thread 0x000002a7e8b5ea00 Exception <a 'java/lang/NoSuchMethodError'{0x00000000d5883de8}: 'java.lang.Object java.lang.invoke.Invokers$Holder.linkToTargetMethod(java.lang.Object, java.lang.Object, int, java.lang.Object)'> (0x00000000d5883de8) 
thrown [s\src\hotspot\share\interpreter\linkResolver.cpp, line 773]
Event: 12.916 Thread 0x000002a7e8b5ea00 Exception <a 'java/lang/NoSuchMethodError'{0x00000000d58a0cf0}: 'void java.lang.invoke.DirectMethodHandle$Holder.invokeStaticInit(java.lang.Object, java.lang.Object, java.lang.Object)'> (0x00000000d58a0cf0) 
thrown [s\src\hotspot\share\interpreter\linkResolver.cpp, line 773]
Event: 12.920 Thread 0x000002a7e8b5ea00 Exception <a 'java/io/FileNotFoundException'{0x00000000d59014b0}> (0x00000000d59014b0) 
thrown [s\src\hotspot\share\prims\jni.cpp, line 520]
Event: 12.920 Thread 0x000002a7e8b5ea00 Exception <a 'java/io/FileNotFoundException'{0x00000000d5902200}> (0x00000000d5902200) 
thrown [s\src\hotspot\share\prims\jni.cpp, line 520]

ZGC Phase Switch (0 events):
No events

VM Operations (20 events):
Event: 7.886 Executing safepoint VM operation: ParallelGCFailedAllocation (Allocation Failure) done
Event: 8.307 Executing safepoint VM operation: CollectForMetadataAllocation (Metadata GC Threshold)
Event: 8.371 Executing safepoint VM operation: CollectForMetadataAllocation (Metadata GC Threshold) done
Event: 8.516 Executing non-safepoint VM operation: HandshakeAllThreads (Deoptimize)
Event: 8.516 Executing non-safepoint VM operation: HandshakeAllThreads (Deoptimize) done
Event: 8.930 Executing non-safepoint VM operation: HandshakeAllThreads (Deoptimize)
Event: 8.931 Executing non-safepoint VM operation: HandshakeAllThreads (Deoptimize) done
Event: 9.332 Executing non-safepoint VM operation: HandshakeAllThreads (Deoptimize)
Event: 9.332 Executing non-safepoint VM operation: HandshakeAllThreads (Deoptimize) done
Event: 9.420 Executing non-safepoint VM operation: HandshakeAllThreads (Deoptimize)
Event: 9.420 Executing non-safepoint VM operation: HandshakeAllThreads (Deoptimize) done
Event: 9.420 Executing safepoint VM operation: Cleanup
Event: 9.421 Executing safepoint VM operation: Cleanup done
Event: 10.432 Executing safepoint VM operation: Cleanup
Event: 10.432 Executing safepoint VM operation: Cleanup done
Event: 11.750 Executing non-safepoint VM operation: HandshakeAllThreads (Deoptimize)
Event: 11.750 Executing non-safepoint VM operation: HandshakeAllThreads (Deoptimize) done
Event: 11.876 Executing safepoint VM operation: ParallelGCFailedAllocation (Allocation Failure)
Event: 12.897 Executing safepoint VM operation: ParallelGCFailedAllocation (Allocation Failure) done
Event: 13.900 Executing safepoint VM operation: Cleanup

Memory protections (0 events):
No events

Nmethod flushes (0 events):
No events

Events (20 events):
Event: 8.603 Thread 0x000002a7e8b5dce0 Thread exited: 0x000002a7e8b5dce0
Event: 9.604 Thread 0x000002a7ed661d70 Thread exited: 0x000002a7ed661d70
Event: 11.756 Thread 0x000002a7e8a27d20 Thread added: 0x000002a7e8b5fdb0
Event: 11.837 Thread 0x000002a7cfb530c0 Thread added: 0x000002a7ef9108e0
Event: 11.875 Thread 0x000002a7cfaa45a0 Thread added: 0x000002a7e8b5f720
Event: 11.875 Thread 0x000002a7cfaa45a0 Thread added: 0x000002a7e8b61160
Event: 11.875 Thread 0x000002a7cfaa45a0 Thread added: 0x000002a7e8b60ad0
Event: 11.875 Thread 0x000002a7cfaa45a0 Thread added: 0x000002a7e8b5f090
Event: 11.875 Thread 0x000002a7cfaa45a0 Thread added: 0x000002a7e8b60440
Event: 11.875 Thread 0x000002a7cfaa45a0 Thread added: 0x000002a7e8b5dce0
Event: 11.876 Thread 0x000002a7cfaa45a0 Thread added: 0x000002a7e8b5e370
Event: 11.876 Thread 0x000002a7cfaa45a0 Thread added: 0x000002a7e7afabc0
Event: 11.876 Thread 0x000002a7cfaa45a0 Thread added: 0x000002a7e7af9810
Event: 11.876 Thread 0x000002a7cfaa45a0 Thread added: 0x000002a7e7af9ea0
Event: 11.876 Thread 0x000002a7cfaa45a0 Thread added: 0x000002a7e7afa530
Event: 11.876 Thread 0x000002a7cfaa45a0 Thread added: 0x000002a7e7af8460
Event: 11.876 Thread 0x000002a7cfaa45a0 Thread added: 0x000002a7e7afb250
Event: 12.898 Thread 0x000002a7e8cdb9d0 Thread added: 0x000002a7e7afbf70
Event: 12.904 Thread 0x000002a7ef9108e0 Thread exited: 0x000002a7ef9108e0
Event: 12.910 Thread 0x000002a7cfaa45a0 Thread added: 0x000002a7e7afb8e0


Dynamic libraries:
0x00007ff627d20000 - 0x00007ff627d2e000 	c:\Users\Kavis\.vscode\extensions\redhat.java-1.53.0-win32-x64\jre\21.0.10-win32-x86_64\bin\java.exe
0x00007ffb70740000 - 0x00007ffb709a8000 	C:\WINDOWS\SYSTEM32\ntdll.dll
0x00007ffb6f900000 - 0x00007ffb6f9c9000 	C:\WINDOWS\System32\KERNEL32.DLL
0x00007ffb6e0e0000 - 0x00007ffb6e4d1000 	C:\WINDOWS\System32\KERNELBASE.dll
0x00007ffb6d440000 - 0x00007ffb6d58b000 	C:\WINDOWS\System32\ucrtbase.dll
0x00007ffb5aaa0000 - 0x00007ffb5aabe000 	c:\Users\Kavis\.vscode\extensions\redhat.java-1.53.0-win32-x64\jre\21.0.10-win32-x86_64\bin\VCRUNTIME140.dll
0x00007ffb5aa10000 - 0x00007ffb5aa28000 	c:\Users\Kavis\.vscode\extensions\redhat.java-1.53.0-win32-x64\jre\21.0.10-win32-x86_64\bin\jli.dll
0x00007ffb704b0000 - 0x00007ffb70676000 	C:\WINDOWS\System32\USER32.dll
0x00007ffb4df90000 - 0x00007ffb4e223000 	C:\WINDOWS\WinSxS\amd64_microsoft.windows.common-controls_6595b64144ccf1df_6.0.26100.7824_none_3e0870b2e3345462\COMCTL32.dll
0x00007ffb6d0d0000 - 0x00007ffb6d0f7000 	C:\WINDOWS\System32\win32u.dll
0x00007ffb6ed50000 - 0x00007ffb6edf9000 	C:\WINDOWS\System32\msvcrt.dll
0x00007ffb6fa50000 - 0x00007ffb6fa7b000 	C:\WINDOWS\System32\GDI32.dll
0x00007ffb6d310000 - 0x00007ffb6d43b000 	C:\WINDOWS\System32\gdi32full.dll
0x00007ffb6e030000 - 0x00007ffb6e0d3000 	C:\WINDOWS\System32\msvcp_win.dll
0x00007ffb6ee50000 - 0x00007ffb6ee81000 	C:\WINDOWS\System32\IMM32.DLL
0x00007ffb65370000 - 0x00007ffb6537c000 	c:\Users\Kavis\.vscode\extensions\redhat.java-1.53.0-win32-x64\jre\21.0.10-win32-x86_64\bin\vcruntime140_1.dll
0x00007ffb41fd0000 - 0x00007ffb4205d000 	c:\Users\Kavis\.vscode\extensions\redhat.java-1.53.0-win32-x64\jre\21.0.10-win32-x86_64\bin\msvcp140.dll
0x00007ffadfd20000 - 0x00007ffae0ac1000 	c:\Users\Kavis\.vscode\extensions\redhat.java-1.53.0-win32-x64\jre\21.0.10-win32-x86_64\bin\server\jvm.dll
0x00007ffb6ec90000 - 0x00007ffb6ed44000 	C:\WINDOWS\System32\ADVAPI32.dll
0x00007ffb70070000 - 0x00007ffb70116000 	C:\WINDOWS\System32\sechost.dll
0x00007ffb6fd80000 - 0x00007ffb6fe98000 	C:\WINDOWS\System32\RPCRT4.dll
0x00007ffb6eb70000 - 0x00007ffb6ebe4000 	C:\WINDOWS\System32\WS2_32.dll
0x00007ffb6ce80000 - 0x00007ffb6cede000 	C:\WINDOWS\SYSTEM32\POWRPROF.dll
0x00007ffb62060000 - 0x00007ffb62095000 	C:\WINDOWS\SYSTEM32\WINMM.dll
0x00007ffb616b0000 - 0x00007ffb616bb000 	C:\WINDOWS\SYSTEM32\VERSION.dll
0x00007ffb6ce60000 - 0x00007ffb6ce74000 	C:\WINDOWS\SYSTEM32\UMPDC.dll
0x00007ffb6bdc0000 - 0x00007ffb6bddb000 	C:\WINDOWS\SYSTEM32\kernel.appcore.dll
0x00007ffb5c190000 - 0x00007ffb5c19a000 	c:\Users\Kavis\.vscode\extensions\redhat.java-1.53.0-win32-x64\jre\21.0.10-win32-x86_64\bin\jimage.dll
0x00007ffb6af50000 - 0x00007ffb6b192000 	C:\WINDOWS\SYSTEM32\DBGHELP.DLL
0x00007ffb70120000 - 0x00007ffb704a6000 	C:\WINDOWS\System32\combase.dll
0x00007ffb6fab0000 - 0x00007ffb6fb87000 	C:\WINDOWS\System32\OLEAUT32.dll
0x00007ffb49d60000 - 0x00007ffb49d9b000 	C:\WINDOWS\SYSTEM32\dbgcore.DLL
0x00007ffb6d020000 - 0x00007ffb6d0c5000 	C:\WINDOWS\System32\bcryptPrimitives.dll
0x00007ffb5b1d0000 - 0x00007ffb5b1df000 	c:\Users\Kavis\.vscode\extensions\redhat.java-1.53.0-win32-x64\jre\21.0.10-win32-x86_64\bin\instrument.dll
0x00007ffb58900000 - 0x00007ffb58920000 	c:\Users\Kavis\.vscode\extensions\redhat.java-1.53.0-win32-x64\jre\21.0.10-win32-x86_64\bin\java.dll
0x00007ffb6f1a0000 - 0x00007ffb6f8f2000 	C:\WINDOWS\System32\SHELL32.dll
0x00007ffb6de00000 - 0x00007ffb6df6a000 	C:\WINDOWS\System32\wintypes.dll
0x00007ffb6d590000 - 0x00007ffb6ddf3000 	C:\WINDOWS\System32\windows.storage.dll
0x00007ffb6ea70000 - 0x00007ffb6eb66000 	C:\WINDOWS\System32\SHCORE.dll
0x00007ffb70690000 - 0x00007ffb706f7000 	C:\WINDOWS\System32\shlwapi.dll
0x00007ffb6cf40000 - 0x00007ffb6cf69000 	C:\WINDOWS\SYSTEM32\profapi.dll
0x00007ffb588e0000 - 0x00007ffb588f8000 	c:\Users\Kavis\.vscode\extensions\redhat.java-1.53.0-win32-x64\jre\21.0.10-win32-x86_64\bin\zip.dll
0x00007ffb5b8a0000 - 0x00007ffb5b8b0000 	C:\Users\Kavis\.vscode\extensions\redhat.java-1.53.0-win32-x64\jre\21.0.10-win32-x86_64\bin\net.dll
0x00007ffb61580000 - 0x00007ffb616a7000 	C:\WINDOWS\SYSTEM32\WINHTTP.dll
0x00007ffb6c330000 - 0x00007ffb6c39b000 	C:\WINDOWS\system32\mswsock.dll
0x00007ffb54c00000 - 0x00007ffb54c16000 	C:\Users\Kavis\.vscode\extensions\redhat.java-1.53.0-win32-x64\jre\21.0.10-win32-x86_64\bin\nio.dll
0x00007ffb5acb0000 - 0x00007ffb5acc0000 	c:\Users\Kavis\.vscode\extensions\redhat.java-1.53.0-win32-x64\jre\21.0.10-win32-x86_64\bin\verify.dll
0x00007ffb547b0000 - 0x00007ffb547f5000 	C:\Users\Kavis\AppData\Roaming\Code\User\globalStorage\redhat.java\1.53.0\config_ss_win\org.eclipse.equinox.launcher\org.eclipse.equinox.launcher.win32.win32.x86_64_1.3.0.v20260203-2149\eclipse_11919.dll
0x00007ffb6ee90000 - 0x00007ffb6f027000 	C:\WINDOWS\System32\ole32.dll
0x00007ffb6c600000 - 0x00007ffb6c61b000 	C:\WINDOWS\SYSTEM32\CRYPTSP.dll
0x00007ffb6bd20000 - 0x00007ffb6bd59000 	C:\WINDOWS\system32\rsaenh.dll
0x00007ffb6c3e0000 - 0x00007ffb6c40b000 	C:\WINDOWS\SYSTEM32\USERENV.dll
0x00007ffb6cf10000 - 0x00007ffb6cf3a000 	C:\WINDOWS\SYSTEM32\bcrypt.dll
0x00007ffb6c620000 - 0x00007ffb6c62c000 	C:\WINDOWS\SYSTEM32\CRYPTBASE.dll
0x00007ffb6b7a0000 - 0x00007ffb6b7d4000 	C:\WINDOWS\SYSTEM32\IPHLPAPI.DLL
0x00007ffb6ec80000 - 0x00007ffb6ec8a000 	C:\WINDOWS\System32\NSI.dll
0x00007ffb426d0000 - 0x00007ffb42719000 	C:\Users\Kavis\AppData\Local\Temp\jna-72270570\jna1360326270365700995.dll
0x00007ffb70680000 - 0x00007ffb70688000 	C:\WINDOWS\System32\PSAPI.DLL
0x00007ffb62030000 - 0x00007ffb6204e000 	C:\WINDOWS\SYSTEM32\dhcpcsvc6.DLL
0x00007ffb62000000 - 0x00007ffb62023000 	C:\WINDOWS\SYSTEM32\dhcpcsvc.DLL

JVMTI agents:
c:\Users\Kavis\.vscode\extensions\redhat.java-1.53.0-win32-x64\lombok\lombok-1.18.39-4050.jar path:c:\Users\Kavis\.vscode\extensions\redhat.java-1.53.0-win32-x64\jre\21.0.10-win32-x86_64\bin\instrument.dll, loaded, initialized, instrumentlib options:none

dbghelp: loaded successfully - version: 4.0.5 - missing functions: none
symbol engine: initialized successfully - sym options: 0x614 - pdb path: .;c:\Users\Kavis\.vscode\extensions\redhat.java-1.53.0-win32-x64\jre\21.0.10-win32-x86_64\bin;C:\WINDOWS\SYSTEM32;C:\WINDOWS\WinSxS\amd64_microsoft.windows.common-controls_6595b64144ccf1df_6.0.26100.7824_none_3e0870b2e3345462;c:\Users\Kavis\.vscode\extensions\redhat.java-1.53.0-win32-x64\jre\21.0.10-win32-x86_64\bin\server;C:\Users\Kavis\AppData\Roaming\Code\User\globalStorage\redhat.java\1.53.0\config_ss_win\org.eclipse.equinox.launcher\org.eclipse.equinox.launcher.win32.win32.x86_64_1.3.0.v20260203-2149;C:\Users\Kavis\AppData\Local\Temp\jna-72270570

VM Arguments:
jvm_args: --add-modules=ALL-SYSTEM --add-opens=java.base/java.util=ALL-UNNAMED --add-opens=java.base/java.lang=ALL-UNNAMED --add-opens=java.base/sun.nio.fs=ALL-UNNAMED -Declipse.application=org.eclipse.jdt.ls.core.id1 -Dosgi.bundles.defaultStartLevel=4 -Declipse.product=org.eclipse.jdt.ls.core.product -Djava.import.generatesMetadataFilesAtProjectRoot=false -DDetectVMInstallationsJob.disabled=true -Dfile.encoding=utf8 -XX:+UseParallelGC -XX:GCTimeRatio=4 -XX:AdaptiveSizePolicyWeight=90 -Dsun.zip.disableMemoryMapping=true -Xmx2G -Xms100m -Xlog:disable -javaagent:c:\Users\Kavis\.vscode\extensions\redhat.java-1.53.0-win32-x64\lombok\lombok-1.18.39-4050.jar 
java_command: c:\Users\Kavis\.vscode\extensions\redhat.java-1.53.0-win32-x64\server\plugins\org.eclipse.equinox.launcher_1.7.100.v20251111-0406.jar -configuration c:\Users\Kavis\AppData\Roaming\Code\User\globalStorage\redhat.java\1.53.0\config_ss_win -data c:\Users\Kavis\AppData\Roaming\Code\User\workspaceStorage\7b2d75ff63603fdca34be7f1c85b3697\redhat.java\ss_ws --pipe=\\.\pipe\lsp-382d22fd7fff88b75441fdc503f95c76-sock
java_class_path (initial): c:\Users\Kavis\.vscode\extensions\redhat.java-1.53.0-win32-x64\server\plugins\org.eclipse.equinox.launcher_1.7.100.v20251111-0406.jar
Launcher Type: SUN_STANDARD

[Global flags]
    uintx AdaptiveSizePolicyWeight                 = 90                                        {product} {command line}
     intx CICompilerCount                          = 4                                         {product} {ergonomic}
    uintx GCTimeRatio                              = 4                                         {product} {command line}
   size_t InitialHeapSize                          = 104857600                                 {product} {command line}
   size_t MaxHeapSize                              = 2147483648                                {product} {command line}
   size_t MaxNewSize                               = 715653120                                 {product} {ergonomic}
   size_t MinHeapDeltaBytes                        = 524288                                    {product} {ergonomic}
   size_t MinHeapSize                              = 104857600                                 {product} {command line}
   size_t NewSize                                  = 34603008                                  {product} {ergonomic}
    uintx NonNMethodCodeHeapSize                   = 5839372                                {pd product} {ergonomic}
    uintx NonProfiledCodeHeapSize                  = 122909434                              {pd product} {ergonomic}
   size_t OldSize                                  = 70254592                                  {product} {ergonomic}
    uintx ProfiledCodeHeapSize                     = 122909434                              {pd product} {ergonomic}
    uintx ReservedCodeCacheSize                    = 251658240                              {pd product} {ergonomic}
     bool SegmentedCodeCache                       = true                                      {product} {ergonomic}
   size_t SoftMaxHeapSize                          = 2147483648                             {manageable} {ergonomic}
     bool UseCompressedOops                        = true                           {product lp64_product} {ergonomic}
     bool UseLargePagesIndividualAllocation        = false                                  {pd product} {ergonomic}
     bool UseParallelGC                            = true                                      {product} {command line}

Logging:
Log output configuration:
 #0: stdout all=off uptime,level,tags foldmultilines=false
 #1: stderr all=off uptime,level,tags foldmultilines=false

Release file:
JAVA_VERSION="21.0.10" 
MODULES="java.base java.compiler java.datatransfer java.xml java.prefs java.desktop java.instrument java.logging java.management java.security.sasl java.naming java.rmi java.management.rmi java.net.http java.scripting java.security.jgss java.transaction.xa java.sql java.sql.rowset java.xml.crypto java.se java.smartcardio jdk.accessibility jdk.internal.jvmstat jdk.attach jdk.charsets jdk.internal.opt jdk.zipfs jdk.compiler jdk.crypto.ec jdk.crypto.cryptoki jdk.crypto.mscapi jdk.dynalink jdk.internal.ed jdk.editpad jdk.hotspot.agent jdk.httpserver jdk.internal.le jdk.internal.vm.ci jdk.internal.vm.compiler jdk.internal.vm.compiler.management jdk.jartool jdk.javadoc jdk.jcmd jdk.management jdk.management.agent jdk.jconsole jdk.jdeps jdk.jdwp.agent jdk.jdi jdk.jfr jdk.jshell jdk.jsobject jdk.jstatd jdk.localedata jdk.management.jfr jdk.naming.dns jdk.naming.rmi jdk.net jdk.nio.mapmode jdk.random jdk.sctp jdk.security.auth jdk.security.jgss jdk.unsupported jdk.unsupported.desktop jdk.xml.dom" 

Environment Variables:
JAVA_HOME=C:\Program Files\Java\jdk-17
PATH=C:\Python314\Scripts\;C:\Python314\;C:\Program Files\Common Files\Oracle\Java\javapath;C:\Program Files\Python312\Scripts\;C:\Program Files\Python312\;C:\WINDOWS\system32;C:\WINDOWS;C:\WINDOWS\System32\Wbem;C:\WINDOWS\System32\WindowsPowerShell\v1.0\;C:\WINDOWS\System32\OpenSSH\;C:\Program Files\dotnet\;C:\ProgramData\chocolatey\bin;C:\Program Files (x86)\NVIDIA Corporation\PhysX\Common;C:\Program Files\Microsoft\Web Platform Installer\;C:\Program Files (x86)\Microsoft ASP.NET\ASP.NET Web Pages\v1.0\;C:\Program Files\Microsoft SQL Server\110\Tools\Binn\;C:\Program Files\Microsoft SQL Server\120\Tools\Binn\;C:\Program Files\Microsoft SQL Server\130\Tools\Binn\;C:\Program Files\Microsoft SQL Server\150\Tools\Binn\;C:\WINDOWS\system32;C:\WINDOWS;C:\WINDOWS\System32\Wbem;C:\WINDOWS\System32\WindowsPowerShell\v1.0\;C:\WINDOWS\System32\OpenSSH\;C:\Program Files\NVIDIA Corporation\NVIDIA App\NvDLISR;C:\Program Files\CMake\bin;C:\php;C:\Program Files\CodeBlocks\MinGW\bin;C:\NASM;C:\Program Files\Docker\Docker\resources\bin;C:\flutter\bin;C:\adb\platform-tools;C:\apache-cassandra-3.11.10\bin;C:\Program Files\MongoDB\Server\8.0\bin;C:\Python313\Scripts\;C:\Python313\;C:\Program Files\Python312\Scripts\;C:\Program Files\Python312\;C:\WINDOWS\system32;C:\WINDOWS;C:\WINDOWS\System32\Wbem;C:\WINDOWS\System32\WindowsPowerShell\v1.0\;C:\WINDOWS\System32\OpenSSH\;C:\Program Files\dotnet\;C:\ProgramData\chocolatey\bin;C:\Program Files (x86)\NVIDIA Corporation\PhysX\Common;C:\Program Files\Microsoft\Web Platform Installer\;C:\Program Files (x86)\Microsoft ASP.NET\ASP.NET Web Pages\v1.0\;C:\Program Files\Microsoft SQL Server\110\Tools\Binn\;C:\Program Files\Microsoft SQL Server\120\Tools\Binn\;C:\Program Files\Microsoft SQL Server\130\Tools\Binn\;C:\Program Files\Microsoft SQL Server\150\Tools\Binn\;C:\WINDOWS\system32;C:\WINDOWS;C:\WINDOWS\System32\Wbem;C:\WINDOWS\System32\WindowsPowerShell\v1.0\;C:\WINDOWS\System32\OpenSSH\;C:\Program Files\NVIDIA Corporation\NVIDIA App\NvDLISR;C:\Program Files\CMake\bi;C:\Users\Kavis\AppData\Local\ipinfo;C:\Program Files\Java\jdk-21\bin;C:\Program Files\apache-maven-3.9.11\bin;C:\Users\Kavis\AppData\Local\Pub\Cache\bin;C:\Program Files\nvm;C:\Program Files\nodejs;C:\Program Files\nvm;C:\Program Files\Microsoft SQL Server\170\Tools\Binn\;C:\Program Files\Microsoft SQL Server\Client SDK\ODBC\170\Tools\Binn\;D:\Microchip Studio\bin;C:\Program Files\PuTTY\;C:\Program Files\Git\cmd;C:\Program Files\Go\bin;C:\Program Files\nodejs\;C:\Users\Kavis\AppData\Local\Programs\Python\Python313\Scripts\;C:\Users\Kavis\AppData\Local\Programs\Python\Python313\;C:\Program Files\Eclipse Adoptium\jdk-21.0.8.9-hotspot\bin;C:\Python313\Scripts\;C:\Python313\;C:\Program Files\Eclipse Adoptium\jdk-17.0.15.6-hotspot\bin;C:\Program Files\Python312\Scripts\;C:\Program Files\Python312\;C:\WINDOWS\system32;C:\WINDOWS;C:\WINDOWS\System32\Wbem;C:\WINDOWS\System32\WindowsPowerShell\v1.0\;C:\WINDOWS\System32\OpenSSH\;C:\Program Files\dotnet\;C:\ProgramData\chocolatey\bin;C:\Program Files (x86)\NVIDIA Corporation\PhysX\Common;C:\Program Files\Microsoft\Web Platform Installer\;C:\Program Files (x86)\Microsoft ASP.NET\ASP.NET Web Pages\v1.0\;C:\Program Files\Microsoft SQL Server\110\Tools\Binn\;C:\Program Files\Microsoft SQL Server\120\Tools\Binn\;C:\Program Files\Microsoft SQL Server\130\Tools\Binn\;C:\Program Files\Git\cmd;C:\Program Files\Microsoft SQL Server\150\Tools\Binn\;C:\WINDOWS\system32;C:\WINDOWS;C:\WINDOWS\System32\Wbem;C:\WINDOWS\System32\WindowsPowerShell\v1.0\;C:\WINDOWS\System32\OpenSSH\;C:\Program Files\NVIDIA Corporation\NVIDIA App\NvDLISR;C:\Program Files\CMake\bi;C:\Users\Kavis\AppData\Local\GitHubDesktop\bin;C:\Program Files\nvm;C:\Program Files\nodejs;C:\Users\Kavis\.dotnet\tools;C:\Users\Kavis\AppData\Local\Python\bin;C:\Users\Kavis\go\bin;C:\Program Files\Go\bin;C:\Program Files\Java\jdk-17\bin;C:\Users\Kavis\AppData\Roaming\npm;D:\Nmap;C:\Tools\ffuf;
USERNAME=Kavis
OS=Windows_NT
PROCESSOR_IDENTIFIER=Intel64 Family 6 Model 154 Stepping 4, GenuineIntel
TMP=C:\Users\Kavis\AppData\Local\Temp
TEMP=C:\Users\Kavis\AppData\Local\Temp




Periodic native trim disabled

---------------  S Y S T E M  ---------------

OS:
 Windows 11 , 64 bit Build 26100 (10.0.26100.7705)
OS uptime: 0 days 1:39 hours
Hyper-V role detected

CPU: total 12 (initial active 12) (6 cores per cpu, 2 threads per core) family 6 model 154 stepping 4 microcode 0x423, cx8, cmov, fxsr, ht, mmx, 3dnowpref, sse, sse2, sse3, ssse3, sse4.1, sse4.2, popcnt, lzcnt, tsc, tscinvbit, avx, avx2, aes, erms, clmul, bmi1, bmi2, adx, sha, fma, vzeroupper, clflush, clflushopt, clwb, hv, serialize, rdtscp, rdpid, fsrm, f16c, cet_ibt, cet_ss
Processor Information for processor 0
  Max Mhz: 1300, Current Mhz: 1300, Mhz Limit: 1300
Processor Information for processor 1
  Max Mhz: 1300, Current Mhz: 1300, Mhz Limit: 1300
Processor Information for processor 2
  Max Mhz: 1300, Current Mhz: 1300, Mhz Limit: 1300
Processor Information for processor 3
  Max Mhz: 1300, Current Mhz: 1300, Mhz Limit: 1300
Processor Information for processor 4
  Max Mhz: 1300, Current Mhz: 900, Mhz Limit: 897
Processor Information for processor 5
  Max Mhz: 1300, Current Mhz: 900, Mhz Limit: 897
Processor Information for processor 6
  Max Mhz: 1300, Current Mhz: 900, Mhz Limit: 897
Processor Information for processor 7
  Max Mhz: 1300, Current Mhz: 900, Mhz Limit: 897
Processor Information for processor 8
  Max Mhz: 1300, Current Mhz: 900, Mhz Limit: 897
Processor Information for processor 9
  Max Mhz: 1300, Current Mhz: 900, Mhz Limit: 897
Processor Information for processor 10
  Max Mhz: 1300, Current Mhz: 900, Mhz Limit: 897
Processor Information for processor 11
  Max Mhz: 1300, Current Mhz: 900, Mhz Limit: 897

Memory: 4k page, system-wide physical 7896M (738M free)
TotalPageFile size 17896M (AvailPageFile size 1M)
current process WorkingSet (physical memory assigned to process): 140M, peak: 164M
current process commit charge ("private bytes"): 278M, peak: 304M

vm_info: OpenJDK 64-Bit Server VM (21.0.10+7-LTS) for windows-amd64 JRE (21.0.10+7-LTS), built on 2026-01-20T00:00:00Z by "admin" with MS VC++ 17.12 (VS2022)

END.
