#
# There is insufficient memory for the Java Runtime Environment to continue.
# Native memory allocation (malloc) failed to allocate 1058128 bytes for Chunk::new
# Possible reasons:
#   The system is out of physical RAM or swap space
#   The process is running with CompressedOops enabled, and the Java Heap may be blocking the growth of the native heap
# Possible solutions:
#   Reduce memory load on the system
#   Increase physical memory or swap space
#   Check if swap backing store is full
#   Decrease Java heap size (-Xmx/-Xms)
#   Decrease number of Java threads
#   Decrease Java thread stack sizes (-Xss)
#   Set larger code cache with -XX:ReservedCodeCacheSize=
#   JVM is running with Zero Based Compressed Oops mode in which the Java heap is
#     placed in the first 32GB address space. The Java Heap base address is the
#     maximum limit for the native heap growth. Please use -XX:HeapBaseMinAddress
#     to set the Java Heap base and to place the Java Heap above 32GB virtual address.
# This output file may be truncated or incomplete.
#
#  Out of Memory Error (arena.cpp:189), pid=17764, tid=16716
#
# JRE version: Java(TM) SE Runtime Environment (17.0.12+8) (build 17.0.12+8-LTS-286)
# Java VM: Java HotSpot(TM) 64-Bit Server VM (17.0.12+8-LTS-286, mixed mode, sharing, tiered, compressed oops, compressed class ptrs, g1 gc, windows-amd64)
# No core dump will be written. Minidumps are not enabled by default on client versions of Windows
#

---------------  S U M M A R Y ------------

Command Line: --add-opens=java.base/java.lang=ALL-UNNAMED --add-opens=java.base/java.lang.invoke=ALL-UNNAMED --add-opens=java.base/java.util=ALL-UNNAMED --add-opens=java.prefs/java.util.prefs=ALL-UNNAMED --add-exports=jdk.compiler/com.sun.tools.javac.api=ALL-UNNAMED --add-exports=jdk.compiler/com.sun.tools.javac.util=ALL-UNNAMED --add-opens=java.base/java.util=ALL-UNNAMED --add-opens=java.prefs/java.util.prefs=ALL-UNNAMED --add-opens=java.base/java.nio.charset=ALL-UNNAMED --add-opens=java.base/java.net=ALL-UNNAMED --add-opens=java.base/java.util.concurrent.atomic=ALL-UNNAMED --add-opens=java.xml/javax.xml.namespace=ALL-UNNAMED -XX:MaxMetaspaceSize=4G -XX:ReservedCodeCacheSize=512m -XX:+HeapDumpOnOutOfMemoryError -Xmx8G -Dfile.encoding=UTF-8 -Duser.country=US -Duser.language=en -Duser.variant -javaagent:C:\Users\Kavis\.gradle\wrapper\dists\gradle-8.14-all\c2qonpi39x1mddn7hk5gh9iqj\gradle-8.14\lib\agents\gradle-instrumentation-agent-8.14.jar org.gradle.launcher.daemon.bootstrap.GradleDaemon 8.14

Host: 12th Gen Intel(R) Core(TM) i5-1235U, 12 cores, 7G,  Windows 11 , 64 bit Build 26100 (10.0.26100.7705)
Time: Thu Sep 24 22:14:27 2026 Sri Lanka Standard Time elapsed time: 248.155526 seconds (0d 0h 4m 8s)

---------------  T H R E A D  ---------------

Current thread (0x00000131ffcea340):  JavaThread "C2 CompilerThread0" daemon [_thread_in_native, id=16716, stack(0x0000001085100000,0x0000001085200000)]


Current CompileTask:
C2: 248155 26688       4       org.gradle.internal.logging.sink.OutputEventTransformer::onOutput (369 bytes)

Stack: [0x0000001085100000,0x0000001085200000]
Native frames: (J=compiled Java code, j=interpreted, Vv=VM code, C=native code)
V  [jvm.dll+0x67a04a]
V  [jvm.dll+0x7da4ed]
V  [jvm.dll+0x7dbe33]
V  [jvm.dll+0x7dc4a3]
V  [jvm.dll+0x24508f]
V  [jvm.dll+0xab773]
V  [jvm.dll+0xabd3c]
V  [jvm.dll+0x361bee]
V  [jvm.dll+0x32c431]
V  [jvm.dll+0x32b8ca]
V  [jvm.dll+0x21683f]
V  [jvm.dll+0x215c6f]
V  [jvm.dll+0x1a2960]
V  [jvm.dll+0x22610b]
V  [jvm.dll+0x2242ab]
V  [jvm.dll+0x79075c]
V  [jvm.dll+0x78abea]
V  [jvm.dll+0x678f35]
C  [ucrtbase.dll+0x37b0]
C  [KERNEL32.DLL+0x2e8d7]
C  [ntdll.dll+0x8c40c]


---------------  P R O C E S S  ---------------

Threads class SMR info:
_java_thread_list=0x000001324bb814e0, length=180, elements={
0x00000131c8c2bf80, 0x00000131ffccddd0, 0x00000131ffccf410, 0x00000131ffce3c00,
0x00000131ffce64e0, 0x00000131ffce8dc0, 0x00000131ffce9690, 0x00000131ffcea340,
0x00000131ffceb870, 0x000001324515a7e0, 0x00000132451f6790, 0x00000132452d1950,
0x00000132456a8d80, 0x000001324540a010, 0x00000132462e7960, 0x000001324526f020,
0x0000013245508e10, 0x0000013245507ee0, 0x000001324550a250, 0x0000013245508900,
0x00000132458044a0, 0x00000132458053d0, 0x0000013245804ec0, 0x00000132458058e0,
0x0000013245802b50, 0x0000013245802640, 0x00000132458049b0, 0x0000013245803a80,
0x0000013245f2e980, 0x0000013245f2cb20, 0x0000013245f2c610, 0x0000013245f2fdc0,
0x0000013245f2f3a0, 0x0000013245f2d030, 0x0000013245f302d0, 0x0000013249fba1d0,
0x0000013249fb9cc0, 0x0000013249fb92a0, 0x0000013249fb97b0, 0x0000013249fba6e0,
0x0000013249fb7440, 0x0000013249fb7950, 0x0000013245509d40, 0x000001324550b180,
0x0000013245509320, 0x00000132455083f0, 0x00000132484dd0c0, 0x00000132484dd5d0,
0x00000132484def20, 0x00000132484de500, 0x00000132484df940, 0x00000132484dea10,
0x00000132484dc6a0, 0x00000132484e1cb0, 0x00000132484e21c0, 0x00000132484e30f0,
0x00000132484e2be0, 0x00000132484e1290, 0x00000132484e0360, 0x00000132484e3600,
0x00000132484e0d80, 0x00000132484e26d0, 0x00000132484e0870, 0x00000132484e17a0,
0x0000013245f32130, 0x0000013245f32640, 0x0000013245f33060, 0x0000013249fb4bc0,
0x0000013249fb6510, 0x000001325a2c79e0, 0x000001325a2c8400, 0x000001325a2c6ab0,
0x000001325a2c6fc0, 0x000001325a2c6090, 0x000001325a2c8910, 0x000001325a2c65a0,
0x000001325a2c7ef0, 0x000001325a2c8e20, 0x000001325a2c5670, 0x000001325a2c9330,
0x000001325a2ca260, 0x000001325a2ca770, 0x0000013248e81f70, 0x0000013248e82480,
0x0000013248e82990, 0x0000013248e82ea0, 0x0000013248e842e0, 0x0000013248e833b0,
0x0000013248e81550, 0x0000013248e838c0, 0x0000013248e80b30, 0x0000013248e83dd0,
0x0000013248e81040, 0x000001325a2cc0c0, 0x000001324a6e6170, 0x000001324a6e6680,
0x000001324a6e5750, 0x000001324a6e75b0, 0x000001324a6e84e0, 0x000001324a6e5c60,
0x000001324a6e89f0, 0x000001324a6e7ac0, 0x000001324a6e6b90, 0x000001324a6e70a0,
0x000001324a6e7fd0, 0x000001324a6e5240, 0x000001324a6ec6b0, 0x000001324a6e9920,
0x000001324a6ead60, 0x000001324a6e8f00, 0x000001324a6e9410, 0x000001324a6ea850,
0x000001324a6eb270, 0x000001324a6e9e30, 0x000001324a6eb780, 0x000001324a6ecbc0,
0x000001324a6ebc90, 0x000001324a6ea340, 0x000001324a6ec1a0, 0x000001324aef6da0,
0x000001324aef6380, 0x000001324aef5960, 0x000001324aef72b0, 0x000001324aef5e70,
0x000001324aef6890, 0x000001324aef81e0, 0x000001324aef77c0, 0x000001324aef5450,
0x000001324aefb990, 0x000001324aefaf70, 0x000001324aefc8c0, 0x000001324aefcdd0,
0x0000013248e7ecd0, 0x00000132589a8110, 0x00000132589a67c0, 0x00000132589a7c00,
0x00000132589a5da0, 0x00000132589a9040, 0x00000132589a5890, 0x00000132589a8620,
0x00000132589a9a60, 0x00000132589a62b0, 0x00000132589a8b30, 0x00000132589aa480,
0x00000132589a9550, 0x00000132589aa990, 0x00000132589a9f70, 0x00000132589a71e0,
0x00000132589aaea0, 0x00000132589ab3b0, 0x00000132589ac2e0, 0x00000132589ab8c0,
0x00000132589abdd0, 0x00000132589acd00, 0x00000132589ac7f0, 0x00000132484ddae0,
0x00000132484dcbb0, 0x000001324550a760, 0x00000132589ad210, 0x00000132580fd100,
0x00000132580fad90, 0x00000132580fd610, 0x00000132580fe540, 0x00000132580fdb20,
0x00000132580fe030, 0x00000132580fcbf0, 0x00000132580fb7b0, 0x00000132580fb2a0,
0x00000132580ff470, 0x00000132580fef60, 0x00000132580fc1d0, 0x00000132580fbcc0,
0x00000132580ff980, 0x00000132580ffe90, 0x00000132580fc6e0, 0x00000132581012d0,
0x00000132581003a0, 0x00000132581008b0, 0x0000013258102710, 0x0000013258102c20
}

Java Threads: ( => current thread )
  0x00000131c8c2bf80 JavaThread "main" [_thread_blocked, id=18000, stack(0x0000001084400000,0x0000001084500000)]
  0x00000131ffccddd0 JavaThread "Reference Handler" daemon [_thread_blocked, id=6560, stack(0x0000001084b00000,0x0000001084c00000)]
  0x00000131ffccf410 JavaThread "Finalizer" daemon [_thread_blocked, id=14900, stack(0x0000001084c00000,0x0000001084d00000)]
  0x00000131ffce3c00 JavaThread "Signal Dispatcher" daemon [_thread_blocked, id=4576, stack(0x0000001084d00000,0x0000001084e00000)]
  0x00000131ffce64e0 JavaThread "Attach Listener" daemon [_thread_blocked, id=9168, stack(0x0000001084e00000,0x0000001084f00000)]
  0x00000131ffce8dc0 JavaThread "Service Thread" daemon [_thread_blocked, id=15888, stack(0x0000001084f00000,0x0000001085000000)]
  0x00000131ffce9690 JavaThread "Monitor Deflation Thread" daemon [_thread_blocked, id=18176, stack(0x0000001085000000,0x0000001085100000)]
=>0x00000131ffcea340 JavaThread "C2 CompilerThread0" daemon [_thread_in_native, id=16716, stack(0x0000001085100000,0x0000001085200000)]
  0x00000131ffceb870 JavaThread "C1 CompilerThread0" daemon [_thread_blocked, id=2276, stack(0x0000001085200000,0x0000001085300000)]
  0x000001324515a7e0 JavaThread "Sweeper thread" daemon [_thread_blocked, id=17404, stack(0x0000001085300000,0x0000001085400000)]
  0x00000132451f6790 JavaThread "Common-Cleaner" daemon [_thread_blocked, id=17856, stack(0x0000001085400000,0x0000001085500000)]
  0x00000132452d1950 JavaThread "Notification Thread" daemon [_thread_blocked, id=12708, stack(0x0000001085500000,0x0000001085600000)]
  0x00000132456a8d80 JavaThread "Daemon health stats" [_thread_blocked, id=6624, stack(0x0000001085b00000,0x0000001085c00000)]
  0x000001324540a010 JavaThread "Incoming local TCP Connector on port 14901" [_thread_in_native, id=17880, stack(0x0000001085c00000,0x0000001085d00000)]
  0x00000132462e7960 JavaThread "Daemon periodic checks" [_thread_blocked, id=3412, stack(0x0000001085d00000,0x0000001085e00000)]
  0x000001324526f020 JavaThread "Daemon" [_thread_blocked, id=4188, stack(0x0000001085e00000,0x0000001085f00000)]
  0x0000013245508e10 JavaThread "Daemon worker" [_thread_in_native, id=16204, stack(0x0000001086100000,0x0000001086200000)]
  0x0000013245507ee0 JavaThread "Cache worker for journal cache (C:\Users\Kavis\.gradle\caches\journal-1)" [_thread_blocked, id=15280, stack(0x0000001086500000,0x0000001086600000)]
  0x000001324550a250 JavaThread "File lock request listener" [_thread_in_native, id=17240, stack(0x0000001086600000,0x0000001086700000)]
  0x0000013245508900 JavaThread "Cache worker for file hash cache (C:\Users\Kavis\.gradle\caches\8.14\fileHashes)" [_thread_blocked, id=17680, stack(0x0000001086700000,0x0000001086800000)]
  0x00000132458044a0 JavaThread "File watcher server" daemon [_thread_in_native, id=8876, stack(0x0000001087300000,0x0000001087400000)]
  0x00000132458053d0 JavaThread "File watcher consumer" daemon [_thread_blocked, id=18288, stack(0x0000001087400000,0x0000001087500000)]
  0x0000013245804ec0 JavaThread "jar transforms" [_thread_blocked, id=18028, stack(0x0000001087500000,0x0000001087600000)]
  0x00000132458058e0 JavaThread "jar transforms Thread 2" [_thread_blocked, id=17424, stack(0x0000001087600000,0x0000001087700000)]
  0x0000013245802b50 JavaThread "jar transforms Thread 3" [_thread_blocked, id=4768, stack(0x0000001087700000,0x0000001087800000)]
  0x0000013245802640 JavaThread "jar transforms Thread 4" [_thread_blocked, id=10516, stack(0x0000001086e00000,0x0000001086f00000)]
  0x00000132458049b0 JavaThread "jar transforms Thread 5" [_thread_blocked, id=15620, stack(0x0000001087800000,0x0000001087900000)]
  0x0000013245803a80 JavaThread "Cache worker for file content cache (C:\Users\Kavis\.gradle\caches\8.14\fileContent)" [_thread_blocked, id=13656, stack(0x0000001087b00000,0x0000001087c00000)]
  0x0000013245f2e980 JavaThread "jar transforms Thread 6" [_thread_blocked, id=8732, stack(0x0000001087c00000,0x0000001087d00000)]
  0x0000013245f2cb20 JavaThread "jar transforms Thread 7" [_thread_blocked, id=8668, stack(0x0000001087900000,0x0000001087a00000)]
  0x0000013245f2c610 JavaThread "jar transforms Thread 8" [_thread_blocked, id=15896, stack(0x0000001087e00000,0x0000001087f00000)]
  0x0000013245f2fdc0 JavaThread "jar transforms Thread 9" [_thread_blocked, id=8880, stack(0x0000001087d00000,0x0000001087e00000)]
  0x0000013245f2f3a0 JavaThread "jar transforms Thread 10" [_thread_blocked, id=1956, stack(0x0000001087f00000,0x0000001088000000)]
  0x0000013245f2d030 JavaThread "jar transforms Thread 11" [_thread_blocked, id=12240, stack(0x0000001088100000,0x0000001088200000)]
  0x0000013245f302d0 JavaThread "jar transforms Thread 12" [_thread_blocked, id=3032, stack(0x0000001088200000,0x0000001088300000)]
  0x0000013249fba1d0 JavaThread "Handler for socket connection from /127.0.0.1:14901 to /127.0.0.1:14957" [_thread_in_native, id=6520, stack(0x0000001084200000,0x0000001084300000)]
  0x0000013249fb9cc0 JavaThread "Cancel handler" [_thread_blocked, id=17308, stack(0x0000001084300000,0x0000001084400000)]
  0x0000013249fb92a0 JavaThread "Asynchronous log dispatcher for DefaultDaemonConnection: socket connection from /127.0.0.1:14901 to /127.0.0.1:14957" [_thread_blocked, id=17460, stack(0x0000001085f00000,0x0000001086000000)]
  0x0000013249fb97b0 JavaThread "Stdin handler" [_thread_blocked, id=2456, stack(0x0000001086000000,0x0000001086100000)]
  0x0000013249fba6e0 JavaThread "Daemon client event forwarder" [_thread_blocked, id=13444, stack(0x0000001086200000,0x0000001086300000)]
  0x0000013249fb7440 JavaThread "Cache worker for file hash cache (C:\Users\Kavis\Documents\GitHub\Live_bus_Tracking_System\ridewave_driver\android\.gradle\8.14\fileHashes)" [_thread_blocked, id=9076, stack(0x0000001086300000,0x0000001086400000)]
  0x0000013249fb7950 JavaThread "Cache worker for Build Output Cleanup Cache (C:\Users\Kavis\Documents\GitHub\Live_bus_Tracking_System\ridewave_driver\android\.gradle\buildOutputCleanup)" [_thread_blocked, id=12264, stack(0x0000001086400000,0x0000001086500000)]
  0x0000013245509d40 JavaThread "Cache worker for checksums cache (C:\Users\Kavis\Documents\GitHub\Live_bus_Tracking_System\ridewave_driver\android\.gradle\8.14\checksums)" [_thread_blocked, id=13376, stack(0x0000001087000000,0x0000001087100000)]
  0x000001324550b180 JavaThread "Cache worker for cache directory md-supplier (C:\Users\Kavis\.gradle\caches\8.14\md-supplier)" [_thread_blocked, id=4284, stack(0x0000001088300000,0x0000001088400000)]
  0x0000013245509320 JavaThread "Cache worker for cache directory md-rule (C:\Users\Kavis\.gradle\caches\8.14\md-rule)" [_thread_blocked, id=17604, stack(0x0000001088400000,0x0000001088500000)]
  0x00000132455083f0 JavaThread "Cache worker for Build Output Cleanup Cache (C:\flutter\packages\flutter_tools\gradle\.gradle\buildOutputCleanup)" [_thread_blocked, id=18148, stack(0x0000001088800000,0x0000001088900000)]
  0x00000132484dd0c0 JavaThread "Unconstrained build operations" [_thread_blocked, id=8232, stack(0x0000001088b00000,0x0000001088c00000)]
  0x00000132484dd5d0 JavaThread "Unconstrained build operations Thread 2" [_thread_blocked, id=2396, stack(0x0000001088c00000,0x0000001088d00000)]
  0x00000132484def20 JavaThread "Unconstrained build operations Thread 3" [_thread_blocked, id=6968, stack(0x0000001088d00000,0x0000001088e00000)]
  0x00000132484de500 JavaThread "Unconstrained build operations Thread 4" [_thread_blocked, id=1972, stack(0x0000001088e00000,0x0000001088f00000)]
  0x00000132484df940 JavaThread "Unconstrained build operations Thread 5" [_thread_blocked, id=6100, stack(0x0000001088f00000,0x0000001089000000)]
  0x00000132484dea10 JavaThread "Unconstrained build operations Thread 6" [_thread_blocked, id=5856, stack(0x0000001089000000,0x0000001089100000)]
  0x00000132484dc6a0 JavaThread "Unconstrained build operations Thread 7" [_thread_blocked, id=15196, stack(0x0000001089100000,0x0000001089200000)]
  0x00000132484e1cb0 JavaThread "Unconstrained build operations Thread 8" [_thread_blocked, id=9096, stack(0x0000001089200000,0x0000001089300000)]
  0x00000132484e21c0 JavaThread "Unconstrained build operations Thread 9" [_thread_blocked, id=15716, stack(0x0000001089300000,0x0000001089400000)]
  0x00000132484e30f0 JavaThread "Unconstrained build operations Thread 10" [_thread_blocked, id=13256, stack(0x0000001089400000,0x0000001089500000)]
  0x00000132484e2be0 JavaThread "Unconstrained build operations Thread 11" [_thread_blocked, id=12664, stack(0x0000001089500000,0x0000001089600000)]
  0x00000132484e1290 JavaThread "Unconstrained build operations Thread 12" [_thread_blocked, id=12568, stack(0x0000001086f00000,0x0000001087000000)]
  0x00000132484e0360 JavaThread "Unconstrained build operations Thread 13" [_thread_blocked, id=5304, stack(0x0000001088900000,0x0000001088a00000)]
  0x00000132484e3600 JavaThread "Unconstrained build operations Thread 14" [_thread_blocked, id=15936, stack(0x0000001089600000,0x0000001089700000)]
  0x00000132484e0d80 JavaThread "Unconstrained build operations Thread 15" [_thread_blocked, id=7756, stack(0x0000001089700000,0x0000001089800000)]
  0x00000132484e26d0 JavaThread "Unconstrained build operations Thread 16" [_thread_blocked, id=17576, stack(0x0000001089800000,0x0000001089900000)]
  0x00000132484e0870 JavaThread "Unconstrained build operations Thread 17" [_thread_blocked, id=11184, stack(0x0000001089900000,0x0000001089a00000)]
  0x00000132484e17a0 JavaThread "Unconstrained build operations Thread 18" [_thread_blocked, id=18388, stack(0x0000001089a00000,0x0000001089b00000)]
  0x0000013245f32130 JavaThread "Unconstrained build operations Thread 19" [_thread_blocked, id=6172, stack(0x0000001089b00000,0x0000001089c00000)]
  0x0000013245f32640 JavaThread "Unconstrained build operations Thread 20" [_thread_blocked, id=14872, stack(0x0000001089c00000,0x0000001089d00000)]
  0x0000013245f33060 JavaThread "Unconstrained build operations Thread 21" [_thread_blocked, id=3176, stack(0x0000001089d00000,0x0000001089e00000)]
  0x0000013249fb4bc0 JavaThread "Unconstrained build operations Thread 22" [_thread_blocked, id=10108, stack(0x0000001089f00000,0x000000108a000000)]
  0x0000013249fb6510 JavaThread "Unconstrained build operations Thread 23" [_thread_blocked, id=12236, stack(0x000000108a000000,0x000000108a100000)]
  0x000001325a2c79e0 JavaThread "Unconstrained build operations Thread 24" [_thread_blocked, id=4696, stack(0x000000108a100000,0x000000108a200000)]
  0x000001325a2c8400 JavaThread "Unconstrained build operations Thread 25" [_thread_blocked, id=14492, stack(0x000000108a200000,0x000000108a300000)]
  0x000001325a2c6ab0 JavaThread "Unconstrained build operations Thread 26" [_thread_blocked, id=10268, stack(0x000000108a300000,0x000000108a400000)]
  0x000001325a2c6fc0 JavaThread "Unconstrained build operations Thread 27" [_thread_blocked, id=16212, stack(0x000000108a400000,0x000000108a500000)]
  0x000001325a2c6090 JavaThread "Unconstrained build operations Thread 28" [_thread_blocked, id=10324, stack(0x000000108a500000,0x000000108a600000)]
  0x000001325a2c8910 JavaThread "Unconstrained build operations Thread 29" [_thread_blocked, id=2464, stack(0x000000108a600000,0x000000108a700000)]
  0x000001325a2c65a0 JavaThread "Unconstrained build operations Thread 30" [_thread_blocked, id=5764, stack(0x000000108a700000,0x000000108a800000)]
  0x000001325a2c7ef0 JavaThread "Unconstrained build operations Thread 31" [_thread_blocked, id=1388, stack(0x000000108a800000,0x000000108a900000)]
  0x000001325a2c8e20 JavaThread "Unconstrained build operations Thread 32" [_thread_blocked, id=16432, stack(0x000000108a900000,0x000000108aa00000)]
  0x000001325a2c5670 JavaThread "Unconstrained build operations Thread 33" [_thread_blocked, id=11544, stack(0x000000108aa00000,0x000000108ab00000)]
  0x000001325a2c9330 JavaThread "Memory manager" [_thread_blocked, id=6556, stack(0x0000001089e00000,0x0000001089f00000)]
  0x000001325a2ca260 JavaThread "build event listener" [_thread_blocked, id=9140, stack(0x000000108ab00000,0x000000108ac00000)]
  0x000001325a2ca770 JavaThread "Kotlin DSL Writer" [_thread_blocked, id=17752, stack(0x000000108ad00000,0x000000108ae00000)]
  0x0000013248e81f70 JavaThread "included builds" [_thread_blocked, id=1108, stack(0x0000001087a00000,0x0000001087b00000)]
  0x0000013248e82480 JavaThread "Execution worker" [_thread_blocked, id=17640, stack(0x000000108ac00000,0x000000108ad00000)]
  0x0000013248e82990 JavaThread "Execution worker Thread 2" [_thread_blocked, id=12728, stack(0x000000108ae00000,0x000000108af00000)]
  0x0000013248e82ea0 JavaThread "Execution worker Thread 3" [_thread_blocked, id=4564, stack(0x000000108af00000,0x000000108b000000)]
  0x0000013248e842e0 JavaThread "Execution worker Thread 4" [_thread_blocked, id=1724, stack(0x000000108b000000,0x000000108b100000)]
  0x0000013248e833b0 JavaThread "Execution worker Thread 5" [_thread_blocked, id=17072, stack(0x000000108b100000,0x000000108b200000)]
  0x0000013248e81550 JavaThread "Execution worker Thread 6" [_thread_blocked, id=9240, stack(0x000000108b200000,0x000000108b300000)]
  0x0000013248e838c0 JavaThread "Execution worker Thread 7" [_thread_blocked, id=3036, stack(0x000000108b300000,0x000000108b400000)]
  0x0000013248e80b30 JavaThread "Execution worker Thread 8" [_thread_blocked, id=5956, stack(0x000000108b400000,0x000000108b500000)]
  0x0000013248e83dd0 JavaThread "Execution worker Thread 9" [_thread_blocked, id=7220, stack(0x000000108b500000,0x000000108b600000)]
  0x0000013248e81040 JavaThread "Execution worker Thread 10" [_thread_blocked, id=15496, stack(0x000000108b600000,0x000000108b700000)]
  0x000001325a2cc0c0 JavaThread "Execution worker Thread 11" [_thread_blocked, id=4968, stack(0x000000108b700000,0x000000108b800000)]
  0x000001324a6e6170 JavaThread "Cache worker for execution history cache (C:\flutter\packages\flutter_tools\gradle\.gradle\8.14\executionHistory)" [_thread_blocked, id=17864, stack(0x000000108b800000,0x000000108b900000)]
  0x000001324a6e6680 JavaThread "Unconstrained build operations Thread 34" [_thread_blocked, id=4208, stack(0x0000001084100000,0x0000001084200000)]
  0x000001324a6e5750 JavaThread "Unconstrained build operations Thread 35" [_thread_blocked, id=6436, stack(0x000000108b900000,0x000000108ba00000)]
  0x000001324a6e75b0 JavaThread "Unconstrained build operations Thread 36" [_thread_blocked, id=1496, stack(0x000000108ba00000,0x000000108bb00000)]
  0x000001324a6e84e0 JavaThread "Unconstrained build operations Thread 37" [_thread_blocked, id=17748, stack(0x000000108bb00000,0x000000108bc00000)]
  0x000001324a6e5c60 JavaThread "Unconstrained build operations Thread 38" [_thread_blocked, id=16264, stack(0x000000108bc00000,0x000000108bd00000)]
  0x000001324a6e89f0 JavaThread "Unconstrained build operations Thread 39" [_thread_blocked, id=15536, stack(0x000000108bd00000,0x000000108be00000)]
  0x000001324a6e7ac0 JavaThread "Unconstrained build operations Thread 40" [_thread_blocked, id=10816, stack(0x000000108be00000,0x000000108bf00000)]
  0x000001324a6e6b90 JavaThread "Unconstrained build operations Thread 41" [_thread_blocked, id=14348, stack(0x000000108bf00000,0x000000108c000000)]
  0x000001324a6e70a0 JavaThread "Unconstrained build operations Thread 42" [_thread_blocked, id=10000, stack(0x000000108c000000,0x000000108c100000)]
  0x000001324a6e7fd0 JavaThread "Unconstrained build operations Thread 43" [_thread_blocked, id=2928, stack(0x000000108c100000,0x000000108c200000)]
  0x000001324a6e5240 JavaThread "Unconstrained build operations Thread 44" [_thread_blocked, id=11216, stack(0x000000108c200000,0x000000108c300000)]
  0x000001324a6ec6b0 JavaThread "Unconstrained build operations Thread 45" [_thread_blocked, id=8952, stack(0x000000108c400000,0x000000108c500000)]
  0x000001324a6e9920 JavaThread "Unconstrained build operations Thread 46" [_thread_blocked, id=17648, stack(0x000000108c500000,0x000000108c600000)]
  0x000001324a6ead60 JavaThread "Unconstrained build operations Thread 47" [_thread_blocked, id=10432, stack(0x000000108c600000,0x000000108c700000)]
  0x000001324a6e8f00 JavaThread "Unconstrained build operations Thread 48" [_thread_blocked, id=5800, stack(0x000000108c700000,0x000000108c800000)]
  0x000001324a6e9410 JavaThread "Unconstrained build operations Thread 49" [_thread_blocked, id=18384, stack(0x000000108c800000,0x000000108c900000)]
  0x000001324a6ea850 JavaThread "Unconstrained build operations Thread 50" [_thread_blocked, id=15276, stack(0x000000108c900000,0x000000108ca00000)]
  0x000001324a6eb270 JavaThread "Unconstrained build operations Thread 51" [_thread_blocked, id=4336, stack(0x000000108ca00000,0x000000108cb00000)]
  0x000001324a6e9e30 JavaThread "Unconstrained build operations Thread 52" [_thread_blocked, id=12196, stack(0x000000108cb00000,0x000000108cc00000)]
  0x000001324a6eb780 JavaThread "Unconstrained build operations Thread 53" [_thread_blocked, id=17420, stack(0x000000108cc00000,0x000000108cd00000)]
  0x000001324a6ecbc0 JavaThread "Unconstrained build operations Thread 54" [_thread_blocked, id=2180, stack(0x000000108cd00000,0x000000108ce00000)]
  0x000001324a6ebc90 JavaThread "Unconstrained build operations Thread 55" [_thread_blocked, id=5180, stack(0x000000108ce00000,0x000000108cf00000)]
  0x000001324a6ea340 JavaThread "Unconstrained build operations Thread 56" [_thread_blocked, id=18276, stack(0x000000108cf00000,0x000000108d000000)]
  0x000001324a6ec1a0 JavaThread "Unconstrained build operations Thread 57" [_thread_blocked, id=12420, stack(0x000000108c300000,0x000000108c400000)]
  0x000001324aef6da0 JavaThread "Unconstrained build operations Thread 58" [_thread_blocked, id=3752, stack(0x000000108d000000,0x000000108d100000)]
  0x000001324aef6380 JavaThread "Unconstrained build operations Thread 59" [_thread_blocked, id=7688, stack(0x000000108d100000,0x000000108d200000)]
  0x000001324aef5960 JavaThread "Unconstrained build operations Thread 60" [_thread_blocked, id=16780, stack(0x000000108d200000,0x000000108d300000)]
  0x000001324aef72b0 JavaThread "Unconstrained build operations Thread 61" [_thread_blocked, id=16740, stack(0x000000108d300000,0x000000108d400000)]
  0x000001324aef5e70 JavaThread "Unconstrained build operations Thread 62" [_thread_blocked, id=18024, stack(0x000000108d400000,0x000000108d500000)]
  0x000001324aef6890 JavaThread "Unconstrained build operations Thread 63" [_thread_blocked, id=5184, stack(0x000000108d500000,0x000000108d600000)]
  0x000001324aef81e0 JavaThread "Unconstrained build operations Thread 64" [_thread_blocked, id=6160, stack(0x000000108d600000,0x000000108d700000)]
  0x000001324aef77c0 JavaThread "Unconstrained build operations Thread 65" [_thread_blocked, id=3240, stack(0x000000108d700000,0x000000108d800000)]
  0x000001324aef5450 JavaThread "Unconstrained build operations Thread 66" [_thread_blocked, id=12452, stack(0x000000108d900000,0x000000108da00000)]
  0x000001324aefb990 JavaThread "Unconstrained build operations Thread 67" [_thread_blocked, id=18612, stack(0x000000108d800000,0x000000108d900000)]
  0x000001324aefaf70 JavaThread "Unconstrained build operations Thread 68" [_thread_blocked, id=18616, stack(0x000000108da00000,0x000000108db00000)]
  0x000001324aefc8c0 JavaThread "WorkerExecutor Queue" [_thread_blocked, id=18680, stack(0x000000108dc00000,0x000000108dd00000)]
  0x000001324aefcdd0 JavaThread "RMI Scheduler(0)" daemon [_thread_blocked, id=18880, stack(0x000000108db00000,0x000000108dc00000)]
  0x0000013248e7ecd0 JavaThread "RMI RenewClean-[127.0.0.1:17876,org.jetbrains.kotlin.daemon.common.LoopbackNetworkInterface$ClientLoopbackSocketFactory@72510546]" daemon [_thread_blocked, id=18884, stack(0x000000108dd00000,0x000000108de00000)]
  0x00000132589a8110 JavaThread "RMI GC Daemon" daemon [_thread_blocked, id=18888, stack(0x000000108de00000,0x000000108df00000)]
  0x00000132589a67c0 JavaThread "RMI TCP Accept-0" daemon [_thread_in_native, id=18932, stack(0x000000108df00000,0x000000108e000000)]
  0x00000132589a7c00 JavaThread "RMI Reaper" [_thread_blocked, id=18864, stack(0x000000108e000000,0x000000108e100000)]
  0x00000132589a5da0 JavaThread "RMI TCP Connection(2)-127.0.0.1" daemon [_thread_in_native, id=18848, stack(0x000000108e100000,0x000000108e200000)]
  0x00000132589a9040 JavaThread "File lock release action executor Thread 2" [_thread_blocked, id=15528, stack(0x000000108e300000,0x000000108e400000)]
  0x00000132589a5890 JavaThread "Unconstrained build operations Thread 69" [_thread_blocked, id=18752, stack(0x000000108e400000,0x000000108e500000)]
  0x00000132589a8620 JavaThread "Unconstrained build operations Thread 70" [_thread_blocked, id=18992, stack(0x000000108e500000,0x000000108e600000)]
  0x00000132589a9a60 JavaThread "Unconstrained build operations Thread 71" [_thread_blocked, id=12192, stack(0x000000108e600000,0x000000108e700000)]
  0x00000132589a62b0 JavaThread "Unconstrained build operations Thread 72" [_thread_blocked, id=18500, stack(0x000000108e700000,0x000000108e800000)]
  0x00000132589a8b30 JavaThread "Unconstrained build operations Thread 73" [_thread_blocked, id=11140, stack(0x000000108e800000,0x000000108e900000)]
  0x00000132589aa480 JavaThread "Unconstrained build operations Thread 74" [_thread_blocked, id=19440, stack(0x000000108e900000,0x000000108ea00000)]
  0x00000132589a9550 JavaThread "Unconstrained build operations Thread 75" [_thread_blocked, id=19420, stack(0x000000108ea00000,0x000000108eb00000)]
  0x00000132589aa990 JavaThread "Unconstrained build operations Thread 76" [_thread_blocked, id=19424, stack(0x000000108eb00000,0x000000108ec00000)]
  0x00000132589a9f70 JavaThread "Unconstrained build operations Thread 77" [_thread_blocked, id=19428, stack(0x000000108ec00000,0x000000108ed00000)]
  0x00000132589a71e0 JavaThread "Unconstrained build operations Thread 78" [_thread_blocked, id=13128, stack(0x000000108ed00000,0x000000108ee00000)]
  0x00000132589aaea0 JavaThread "Unconstrained build operations Thread 79" [_thread_blocked, id=18532, stack(0x000000108ee00000,0x000000108ef00000)]
  0x00000132589ab3b0 JavaThread "Unconstrained build operations Thread 80" [_thread_blocked, id=17528, stack(0x0000001086d00000,0x0000001086e00000)]
  0x00000132589ac2e0 JavaThread "Unconstrained build operations Thread 81" [_thread_blocked, id=14476, stack(0x000000108ef00000,0x000000108f000000)]
  0x00000132589ab8c0 JavaThread "Unconstrained build operations Thread 82" [_thread_blocked, id=18364, stack(0x000000108f000000,0x000000108f100000)]
  0x00000132589abdd0 JavaThread "Unconstrained build operations Thread 83" [_thread_blocked, id=6956, stack(0x000000108f100000,0x000000108f200000)]
  0x00000132589acd00 JavaThread "Unconstrained build operations Thread 84" [_thread_blocked, id=4808, stack(0x000000108f200000,0x000000108f300000)]
  0x00000132589ac7f0 JavaThread "Unconstrained build operations Thread 85" [_thread_blocked, id=6412, stack(0x000000108f300000,0x000000108f400000)]
  0x00000132484ddae0 JavaThread "Unconstrained build operations Thread 86" [_thread_blocked, id=14496, stack(0x000000108f400000,0x000000108f500000)]
  0x00000132484dcbb0 JavaThread "Unconstrained build operations Thread 87" [_thread_blocked, id=6104, stack(0x000000108f500000,0x000000108f600000)]
  0x000001324550a760 JavaThread "Unconstrained build operations Thread 88" [_thread_blocked, id=2536, stack(0x000000108f600000,0x000000108f700000)]
  0x00000132589ad210 JavaThread "Unconstrained build operations Thread 89" [_thread_blocked, id=7752, stack(0x000000108f700000,0x000000108f800000)]
  0x00000132580fd100 JavaThread "Unconstrained build operations Thread 90" [_thread_blocked, id=19152, stack(0x000000108f800000,0x000000108f900000)]
  0x00000132580fad90 JavaThread "Unconstrained build operations Thread 91" [_thread_blocked, id=18768, stack(0x000000108f900000,0x000000108fa00000)]
  0x00000132580fd610 JavaThread "Unconstrained build operations Thread 92" [_thread_blocked, id=8040, stack(0x000000108fa00000,0x000000108fb00000)]
  0x00000132580fe540 JavaThread "Unconstrained build operations Thread 93" [_thread_blocked, id=18608, stack(0x000000108fb00000,0x000000108fc00000)]
  0x00000132580fdb20 JavaThread "Unconstrained build operations Thread 94" [_thread_blocked, id=19336, stack(0x000000108fc00000,0x000000108fd00000)]
  0x00000132580fe030 JavaThread "Unconstrained build operations Thread 95" [_thread_blocked, id=18988, stack(0x000000108fd00000,0x000000108fe00000)]
  0x00000132580fcbf0 JavaThread "Unconstrained build operations Thread 96" [_thread_blocked, id=10068, stack(0x000000108fe00000,0x000000108ff00000)]
  0x00000132580fb7b0 JavaThread "Unconstrained build operations Thread 97" [_thread_blocked, id=5792, stack(0x000000108ff00000,0x0000001090000000)]
  0x00000132580fb2a0 JavaThread "Unconstrained build operations Thread 98" [_thread_blocked, id=18080, stack(0x0000001090000000,0x0000001090100000)]
  0x00000132580ff470 JavaThread "Unconstrained build operations Thread 99" [_thread_blocked, id=10920, stack(0x0000001090100000,0x0000001090200000)]
  0x00000132580fef60 JavaThread "Unconstrained build operations Thread 100" [_thread_in_native, id=3136, stack(0x0000001090200000,0x0000001090300000)]
  0x00000132580fc1d0 JavaThread "Unconstrained build operations Thread 101" [_thread_in_native, id=12652, stack(0x0000001090300000,0x0000001090400000)]
  0x00000132580fbcc0 JavaThread "Unconstrained build operations Thread 102" [_thread_in_native, id=17140, stack(0x0000001090400000,0x0000001090500000)]
  0x00000132580ff980 JavaThread "Unconstrained build operations Thread 103" [_thread_in_native, id=7156, stack(0x0000001090500000,0x0000001090600000)]
  0x00000132580ffe90 JavaThread "Unconstrained build operations Thread 104" [_thread_in_native, id=1416, stack(0x0000001090600000,0x0000001090700000)]
  0x00000132580fc6e0 JavaThread "Unconstrained build operations Thread 105" [_thread_in_native, id=16776, stack(0x0000001090700000,0x0000001090800000)]
  0x00000132581012d0 JavaThread "Unconstrained build operations Thread 106" [_thread_in_native, id=16904, stack(0x0000001090800000,0x0000001090900000)]
  0x00000132581003a0 JavaThread "Unconstrained build operations Thread 107" [_thread_in_native, id=17276, stack(0x0000001090900000,0x0000001090a00000)]
  0x00000132581008b0 JavaThread "Unconstrained build operations Thread 108" [_thread_in_native, id=7856, stack(0x0000001090a00000,0x0000001090b00000)]
  0x0000013258102710 JavaThread "Unconstrained build operations Thread 109" [_thread_in_native, id=18016, stack(0x0000001090b00000,0x0000001090c00000)]
  0x0000013258102c20 JavaThread "Unconstrained build operations Thread 110" [_thread_in_native, id=18108, stack(0x0000001090c00000,0x0000001090d00000)]

Other Threads:
  0x00000131ffcc9160 VMThread "VM Thread" [stack: 0x0000001084a00000,0x0000001084b00000] [id=8504]
  0x00000131c8c2cd10 WatcherThread [stack: 0x0000001085600000,0x0000001085700000] [id=18160]
  0x00000131c8cdaef0 GCTaskThread "GC Thread#0" [stack: 0x0000001084500000,0x0000001084600000] [id=9976]
  0x000001324550ea40 GCTaskThread "GC Thread#1" [stack: 0x0000001085700000,0x0000001085800000] [id=5672]
  0x00000132455f8ce0 GCTaskThread "GC Thread#2" [stack: 0x0000001085800000,0x0000001085900000] [id=2556]
  0x0000013245b3d680 GCTaskThread "GC Thread#3" [stack: 0x0000001085900000,0x0000001085a00000] [id=9916]
  0x00000132455755c0 GCTaskThread "GC Thread#4" [stack: 0x0000001085a00000,0x0000001085b00000] [id=4816]
  0x000001324708de40 GCTaskThread "GC Thread#5" [stack: 0x0000001086800000,0x0000001086900000] [id=17684]
  0x000001324708e3c0 GCTaskThread "GC Thread#6" [stack: 0x0000001086900000,0x0000001086a00000] [id=4260]
  0x000001324708e100 GCTaskThread "GC Thread#7" [stack: 0x0000001086a00000,0x0000001086b00000] [id=13496]
  0x000001324708f180 GCTaskThread "GC Thread#8" [stack: 0x0000001086b00000,0x0000001086c00000] [id=17972]
  0x000001324708f440 GCTaskThread "GC Thread#9" [stack: 0x0000001086c00000,0x0000001086d00000] [id=17988]
  0x00000131c8cebd50 ConcurrentGCThread "G1 Main Marker" [stack: 0x0000001084600000,0x0000001084700000] [id=2208]
  0x00000131c8ced340 ConcurrentGCThread "G1 Conc#0" [stack: 0x0000001084700000,0x0000001084800000] [id=5524]
  0x000001324708e680 ConcurrentGCThread "G1 Conc#1" [stack: 0x0000001087100000,0x0000001087200000] [id=2792]
  0x000001324708ec00 ConcurrentGCThread "G1 Conc#2" [stack: 0x0000001087200000,0x0000001087300000] [id=6064]
  0x00000131ffb7d380 ConcurrentGCThread "G1 Refine#0" [stack: 0x0000001084800000,0x0000001084900000] [id=1420]
  0x0000013248373f10 ConcurrentGCThread "G1 Refine#1" [stack: 0x0000001088500000,0x0000001088600000] [id=11148]
  0x0000013248374200 ConcurrentGCThread "G1 Refine#2" [stack: 0x0000001088600000,0x0000001088700000] [id=17632]
  0x0000013248370740 ConcurrentGCThread "G1 Refine#3" [stack: 0x0000001088700000,0x0000001088800000] [id=17848]
  0x00000131ffb7dcc0 ConcurrentGCThread "G1 Service" [stack: 0x0000001084900000,0x0000001084a00000] [id=13372]

Threads with active compile tasks:
C2 CompilerThread0   248194 26688       4       org.gradle.internal.logging.sink.OutputEventTransformer::onOutput (369 bytes)

VM state: not at safepoint (normal execution)

VM Mutex/Monitor currently owned by a thread: None

Heap address: 0x0000000600000000, size: 8192 MB, Compressed Oops mode: Zero based, Oop shift amount: 3

CDS archive(s) mapped at: [0x0000013200000000-0x0000013200bd0000-0x0000013200bd0000), size 12386304, SharedBaseAddress: 0x0000013200000000, ArchiveRelocationMode: 1.
Compressed class space mapped at: 0x0000013201000000-0x0000013241000000, reserved size: 1073741824
Narrow klass base: 0x0000013200000000, Narrow klass shift: 0, Narrow klass range: 0x100000000

GC Precious Log:
 CPUs: 12 total, 12 available
 Memory: 7896M
 Large Page Support: Disabled
 NUMA Support: Disabled
 Compressed Oops: Enabled (Zero based)
 Heap Region Size: 4M
 Heap Min Capacity: 8M
 Heap Initial Capacity: 124M
 Heap Max Capacity: 8G
 Pre-touch: Disabled
 Parallel Workers: 10
 Concurrent Workers: 3
 Concurrent Refinement Workers: 10
 Periodic GC: Disabled

Heap:
 garbage-first heap   total 880640K, used 577658K [0x0000000600000000, 0x0000000800000000)
  region size 4096K, 94 young (385024K), 9 survivors (36864K)
 Metaspace       used 164052K, committed 165120K, reserved 1245184K
  class space    used 20674K, committed 21184K, reserved 1048576K

Heap Regions: E=young(eden), S=young(survivor), O=old, HS=humongous(starts), HC=humongous(continues), CS=collection set, F=free, OA=open archive, CA=closed archive, TAMS=top-at-mark-start (previous, next)
|   0|0x0000000600000000, 0x0000000600400000, 0x0000000600400000|100%|HS|  |TAMS 0x0000000600400000, 0x0000000600000000| Complete 
|   1|0x0000000600400000, 0x0000000600800000, 0x0000000600800000|100%| O|  |TAMS 0x0000000600800000, 0x0000000600400000| Untracked 
|   2|0x0000000600800000, 0x0000000600c00000, 0x0000000600c00000|100%| O|  |TAMS 0x0000000600c00000, 0x0000000600800000| Untracked 
|   3|0x0000000600c00000, 0x0000000600fb5600, 0x0000000601000000| 92%| O|  |TAMS 0x0000000600fb5600, 0x0000000600c00000| Untracked 
|   4|0x0000000601000000, 0x0000000601400000, 0x0000000601400000|100%| O|  |TAMS 0x0000000601400000, 0x0000000601000000| Untracked 
|   5|0x0000000601400000, 0x0000000601800000, 0x0000000601800000|100%| O|  |TAMS 0x0000000601800000, 0x0000000601400000| Untracked 
|   6|0x0000000601800000, 0x0000000601c00000, 0x0000000601c00000|100%| O|  |TAMS 0x0000000601c00000, 0x0000000601800000| Untracked 
|   7|0x0000000601c00000, 0x0000000602000000, 0x0000000602000000|100%| O|  |TAMS 0x0000000602000000, 0x0000000601c00000| Untracked 
|   8|0x0000000602000000, 0x0000000602400000, 0x0000000602400000|100%| O|  |TAMS 0x0000000602400000, 0x0000000602000000| Untracked 
|   9|0x0000000602400000, 0x0000000602800000, 0x0000000602800000|100%| O|  |TAMS 0x0000000602800000, 0x0000000602400000| Untracked 
|  10|0x0000000602800000, 0x0000000602c00000, 0x0000000602c00000|100%| O|  |TAMS 0x0000000602c00000, 0x0000000602800000| Untracked 
|  11|0x0000000602c00000, 0x0000000603000000, 0x0000000603000000|100%| O|  |TAMS 0x0000000603000000, 0x0000000602c00000| Untracked 
|  12|0x0000000603000000, 0x0000000603400000, 0x0000000603400000|100%| O|  |TAMS 0x0000000603400000, 0x0000000603000000| Untracked 
|  13|0x0000000603400000, 0x0000000603800000, 0x0000000603800000|100%| O|  |TAMS 0x0000000603800000, 0x0000000603400000| Untracked 
|  14|0x0000000603800000, 0x0000000603c00000, 0x0000000603c00000|100%| O|  |TAMS 0x0000000603800000, 0x0000000603800000| Untracked 
|  15|0x0000000603c00000, 0x0000000604000000, 0x0000000604000000|100%| O|  |TAMS 0x0000000604000000, 0x0000000603c00000| Untracked 
|  16|0x0000000604000000, 0x0000000604400000, 0x0000000604400000|100%| O|  |TAMS 0x0000000604400000, 0x0000000604000000| Untracked 
|  17|0x0000000604400000, 0x0000000604800000, 0x0000000604800000|100%| O|  |TAMS 0x0000000604400000, 0x0000000604400000| Untracked 
|  18|0x0000000604800000, 0x0000000604c00000, 0x0000000604c00000|100%| O|  |TAMS 0x0000000604800000, 0x0000000604800000| Untracked 
|  19|0x0000000604c00000, 0x0000000605000000, 0x0000000605000000|100%|HS|  |TAMS 0x0000000604c00000, 0x0000000604c00000| Complete 
|  20|0x0000000605000000, 0x0000000605400000, 0x0000000605400000|100%| O|  |TAMS 0x0000000605400000, 0x0000000605000000| Untracked 
|  21|0x0000000605400000, 0x0000000605800000, 0x0000000605800000|100%| O|  |TAMS 0x0000000605800000, 0x0000000605400000| Untracked 
|  22|0x0000000605800000, 0x0000000605c00000, 0x0000000605c00000|100%| O|  |TAMS 0x0000000605c00000, 0x0000000605800000| Untracked 
|  23|0x0000000605c00000, 0x0000000606000000, 0x0000000606000000|100%| O|  |TAMS 0x0000000605c00000, 0x0000000605c00000| Untracked 
|  24|0x0000000606000000, 0x0000000606400000, 0x0000000606400000|100%| O|  |TAMS 0x0000000606000000, 0x0000000606000000| Untracked 
|  25|0x0000000606400000, 0x0000000606800000, 0x0000000606800000|100%| O|  |TAMS 0x0000000606800000, 0x0000000606400000| Untracked 
|  26|0x0000000606800000, 0x0000000606c00000, 0x0000000606c00000|100%| O|  |TAMS 0x0000000606c00000, 0x0000000606800000| Untracked 
|  27|0x0000000606c00000, 0x0000000607000000, 0x0000000607000000|100%| O|  |TAMS 0x0000000606d12000, 0x0000000606c00000| Untracked 
|  28|0x0000000607000000, 0x0000000607400000, 0x0000000607400000|100%| O|  |TAMS 0x0000000607000000, 0x0000000607000000| Untracked 
|  29|0x0000000607400000, 0x0000000607800000, 0x0000000607800000|100%| O|  |TAMS 0x0000000607400000, 0x0000000607400000| Untracked 
|  30|0x0000000607800000, 0x0000000607c00000, 0x0000000607c00000|100%|HS|  |TAMS 0x0000000607800000, 0x0000000607800000| Complete 
|  31|0x0000000607c00000, 0x0000000608000000, 0x0000000608000000|100%| O|  |TAMS 0x0000000607c00000, 0x0000000607c00000| Untracked 
|  32|0x0000000608000000, 0x0000000608400000, 0x0000000608400000|100%| O|  |TAMS 0x0000000608000000, 0x0000000608000000| Untracked 
|  33|0x0000000608400000, 0x0000000608400000, 0x0000000608800000|  0%| F|  |TAMS 0x0000000608400000, 0x0000000608400000| Untracked 
|  34|0x0000000608800000, 0x0000000608800000, 0x0000000608c00000|  0%| F|  |TAMS 0x0000000608800000, 0x0000000608800000| Untracked 
|  35|0x0000000608c00000, 0x0000000609000000, 0x0000000609000000|100%| O|  |TAMS 0x0000000608c00000, 0x0000000608c00000| Untracked 
|  36|0x0000000609000000, 0x0000000609400000, 0x0000000609400000|100%| O|  |TAMS 0x0000000609000000, 0x0000000609000000| Untracked 
|  37|0x0000000609400000, 0x0000000609800000, 0x0000000609800000|100%| O|  |TAMS 0x0000000609400000, 0x0000000609400000| Untracked 
|  38|0x0000000609800000, 0x0000000609c00000, 0x0000000609c00000|100%| O|  |TAMS 0x0000000609800000, 0x0000000609800000| Untracked 
|  39|0x0000000609c00000, 0x000000060a000000, 0x000000060a000000|100%| O|  |TAMS 0x0000000609c00000, 0x0000000609c00000| Untracked 
|  40|0x000000060a000000, 0x000000060a400000, 0x000000060a400000|100%| O|  |TAMS 0x000000060a000000, 0x000000060a000000| Untracked 
|  41|0x000000060a400000, 0x000000060a800000, 0x000000060a800000|100%| O|  |TAMS 0x000000060a400000, 0x000000060a400000| Untracked 
|  42|0x000000060a800000, 0x000000060ac00000, 0x000000060ac00000|100%| O|  |TAMS 0x000000060a800000, 0x000000060a800000| Untracked 
|  43|0x000000060ac00000, 0x000000060b000000, 0x000000060b000000|100%| O|  |TAMS 0x000000060ac00000, 0x000000060ac00000| Untracked 
|  44|0x000000060b000000, 0x000000060b400000, 0x000000060b400000|100%| O|  |TAMS 0x000000060b000000, 0x000000060b000000| Untracked 
|  45|0x000000060b400000, 0x000000060b800000, 0x000000060b800000|100%| O|  |TAMS 0x000000060b400000, 0x000000060b400000| Untracked 
|  46|0x000000060b800000, 0x000000060bc00000, 0x000000060bc00000|100%| O|  |TAMS 0x000000060b800000, 0x000000060b800000| Untracked 
|  47|0x000000060bc00000, 0x000000060c000000, 0x000000060c000000|100%| O|  |TAMS 0x000000060bc00000, 0x000000060bc00000| Untracked 
|  48|0x000000060c000000, 0x000000060c400000, 0x000000060c400000|100%| O|  |TAMS 0x000000060c000000, 0x000000060c000000| Untracked 
|  49|0x000000060c400000, 0x000000060c800000, 0x000000060c800000|100%| O|  |TAMS 0x000000060c400000, 0x000000060c400000| Untracked 
|  50|0x000000060c800000, 0x000000060c916000, 0x000000060cc00000| 27%| O|  |TAMS 0x000000060c800000, 0x000000060c800000| Untracked 
|  51|0x000000060cc00000, 0x000000060cc00000, 0x000000060d000000|  0%| F|  |TAMS 0x000000060cc00000, 0x000000060cc00000| Untracked 
|  52|0x000000060d000000, 0x000000060d000000, 0x000000060d400000|  0%| F|  |TAMS 0x000000060d000000, 0x000000060d000000| Untracked 
|  53|0x000000060d400000, 0x000000060d400000, 0x000000060d800000|  0%| F|  |TAMS 0x000000060d400000, 0x000000060d400000| Untracked 
|  54|0x000000060d800000, 0x000000060d800000, 0x000000060dc00000|  0%| F|  |TAMS 0x000000060d800000, 0x000000060d800000| Untracked 
|  55|0x000000060dc00000, 0x000000060dc00000, 0x000000060e000000|  0%| F|  |TAMS 0x000000060dc00000, 0x000000060dc00000| Untracked 
|  56|0x000000060e000000, 0x000000060e000000, 0x000000060e400000|  0%| F|  |TAMS 0x000000060e000000, 0x000000060e000000| Untracked 
|  57|0x000000060e400000, 0x000000060e400000, 0x000000060e800000|  0%| F|  |TAMS 0x000000060e400000, 0x000000060e400000| Untracked 
|  58|0x000000060e800000, 0x000000060e800000, 0x000000060ec00000|  0%| F|  |TAMS 0x000000060e800000, 0x000000060e800000| Untracked 
|  59|0x000000060ec00000, 0x000000060ec00000, 0x000000060f000000|  0%| F|  |TAMS 0x000000060ec00000, 0x000000060ec00000| Untracked 
|  60|0x000000060f000000, 0x000000060f000000, 0x000000060f400000|  0%| F|  |TAMS 0x000000060f000000, 0x000000060f000000| Untracked 
|  61|0x000000060f400000, 0x000000060f400000, 0x000000060f800000|  0%| F|  |TAMS 0x000000060f400000, 0x000000060f400000| Untracked 
|  62|0x000000060f800000, 0x000000060f800000, 0x000000060fc00000|  0%| F|  |TAMS 0x000000060f800000, 0x000000060f800000| Untracked 
|  63|0x000000060fc00000, 0x000000060fc00000, 0x0000000610000000|  0%| F|  |TAMS 0x000000060fc00000, 0x000000060fc00000| Untracked 
|  64|0x0000000610000000, 0x0000000610000000, 0x0000000610400000|  0%| F|  |TAMS 0x0000000610000000, 0x0000000610000000| Untracked 
|  65|0x0000000610400000, 0x0000000610400000, 0x0000000610800000|  0%| F|  |TAMS 0x0000000610400000, 0x0000000610400000| Untracked 
|  66|0x0000000610800000, 0x0000000610800000, 0x0000000610c00000|  0%| F|  |TAMS 0x0000000610800000, 0x0000000610800000| Untracked 
|  67|0x0000000610c00000, 0x0000000610c00000, 0x0000000611000000|  0%| F|  |TAMS 0x0000000610c00000, 0x0000000610c00000| Untracked 
|  68|0x0000000611000000, 0x0000000611000000, 0x0000000611400000|  0%| F|  |TAMS 0x0000000611000000, 0x0000000611000000| Untracked 
|  69|0x0000000611400000, 0x0000000611400000, 0x0000000611800000|  0%| F|  |TAMS 0x0000000611400000, 0x0000000611400000| Untracked 
|  70|0x0000000611800000, 0x0000000611800000, 0x0000000611c00000|  0%| F|  |TAMS 0x0000000611800000, 0x0000000611800000| Untracked 
|  71|0x0000000611c00000, 0x0000000611c00000, 0x0000000612000000|  0%| F|  |TAMS 0x0000000611c00000, 0x0000000611c00000| Untracked 
|  72|0x0000000612000000, 0x0000000612000000, 0x0000000612400000|  0%| F|  |TAMS 0x0000000612000000, 0x0000000612000000| Untracked 
|  73|0x0000000612400000, 0x0000000612400000, 0x0000000612800000|  0%| F|  |TAMS 0x0000000612400000, 0x0000000612400000| Untracked 
|  74|0x0000000612800000, 0x0000000612800000, 0x0000000612c00000|  0%| F|  |TAMS 0x0000000612800000, 0x0000000612800000| Untracked 
|  75|0x0000000612c00000, 0x0000000612c00000, 0x0000000613000000|  0%| F|  |TAMS 0x0000000612c00000, 0x0000000612c00000| Untracked 
|  76|0x0000000613000000, 0x0000000613000000, 0x0000000613400000|  0%| F|  |TAMS 0x0000000613000000, 0x0000000613000000| Untracked 
|  77|0x0000000613400000, 0x0000000613753478, 0x0000000613800000| 83%| S|CS|TAMS 0x0000000613400000, 0x0000000613400000| Complete 
|  78|0x0000000613800000, 0x0000000613c00000, 0x0000000613c00000|100%| S|CS|TAMS 0x0000000613800000, 0x0000000613800000| Complete 
|  79|0x0000000613c00000, 0x0000000613c00000, 0x0000000614000000|  0%| F|  |TAMS 0x0000000613c00000, 0x0000000613c00000| Untracked 
|  80|0x0000000614000000, 0x0000000614000000, 0x0000000614400000|  0%| F|  |TAMS 0x0000000614000000, 0x0000000614000000| Untracked 
|  81|0x0000000614400000, 0x0000000614400000, 0x0000000614800000|  0%| F|  |TAMS 0x0000000614400000, 0x0000000614400000| Untracked 
|  82|0x0000000614800000, 0x0000000614800000, 0x0000000614c00000|  0%| F|  |TAMS 0x0000000614800000, 0x0000000614800000| Untracked 
|  83|0x0000000614c00000, 0x0000000614c00000, 0x0000000615000000|  0%| F|  |TAMS 0x0000000614c00000, 0x0000000614c00000| Untracked 
|  84|0x0000000615000000, 0x0000000615400000, 0x0000000615400000|100%| S|CS|TAMS 0x0000000615000000, 0x0000000615000000| Complete 
|  85|0x0000000615400000, 0x0000000615800000, 0x0000000615800000|100%| S|CS|TAMS 0x0000000615400000, 0x0000000615400000| Complete 
|  86|0x0000000615800000, 0x0000000615c00000, 0x0000000615c00000|100%| S|CS|TAMS 0x0000000615800000, 0x0000000615800000| Complete 
|  87|0x0000000615c00000, 0x0000000616000000, 0x0000000616000000|100%| S|CS|TAMS 0x0000000615c00000, 0x0000000615c00000| Complete 
|  88|0x0000000616000000, 0x0000000616400000, 0x0000000616400000|100%| S|CS|TAMS 0x0000000616000000, 0x0000000616000000| Complete 
|  89|0x0000000616400000, 0x0000000616800000, 0x0000000616800000|100%| S|CS|TAMS 0x0000000616400000, 0x0000000616400000| Complete 
|  90|0x0000000616800000, 0x0000000616800000, 0x0000000616c00000|  0%| F|  |TAMS 0x0000000616800000, 0x0000000616800000| Untracked 
|  91|0x0000000616c00000, 0x0000000616c00000, 0x0000000617000000|  0%| F|  |TAMS 0x0000000616c00000, 0x0000000616c00000| Untracked 
|  92|0x0000000617000000, 0x0000000617400000, 0x0000000617400000|100%| S|CS|TAMS 0x0000000617000000, 0x0000000617000000| Complete 
|  93|0x0000000617400000, 0x0000000617400000, 0x0000000617800000|  0%| F|  |TAMS 0x0000000617400000, 0x0000000617400000| Untracked 
|  94|0x0000000617800000, 0x0000000617800000, 0x0000000617c00000|  0%| F|  |TAMS 0x0000000617800000, 0x0000000617800000| Untracked 
|  95|0x0000000617c00000, 0x0000000617c00000, 0x0000000618000000|  0%| F|  |TAMS 0x0000000617c00000, 0x0000000617c00000| Untracked 
|  96|0x0000000618000000, 0x0000000618000000, 0x0000000618400000|  0%| F|  |TAMS 0x0000000618000000, 0x0000000618000000| Untracked 
|  97|0x0000000618400000, 0x0000000618400000, 0x0000000618800000|  0%| F|  |TAMS 0x0000000618400000, 0x0000000618400000| Untracked 
|  98|0x0000000618800000, 0x0000000618800000, 0x0000000618c00000|  0%| F|  |TAMS 0x0000000618800000, 0x0000000618800000| Untracked 
|  99|0x0000000618c00000, 0x0000000618c00000, 0x0000000619000000|  0%| F|  |TAMS 0x0000000618c00000, 0x0000000618c00000| Untracked 
| 100|0x0000000619000000, 0x0000000619000000, 0x0000000619400000|  0%| F|  |TAMS 0x0000000619000000, 0x0000000619000000| Untracked 
| 101|0x0000000619400000, 0x0000000619400000, 0x0000000619800000|  0%| F|  |TAMS 0x0000000619400000, 0x0000000619400000| Untracked 
| 102|0x0000000619800000, 0x0000000619800000, 0x0000000619c00000|  0%| F|  |TAMS 0x0000000619800000, 0x0000000619800000| Untracked 
| 103|0x0000000619c00000, 0x0000000619c00000, 0x000000061a000000|  0%| F|  |TAMS 0x0000000619c00000, 0x0000000619c00000| Untracked 
| 104|0x000000061a000000, 0x000000061a000000, 0x000000061a400000|  0%| F|  |TAMS 0x000000061a000000, 0x000000061a000000| Untracked 
| 105|0x000000061a400000, 0x000000061a400000, 0x000000061a800000|  0%| F|  |TAMS 0x000000061a400000, 0x000000061a400000| Untracked 
| 106|0x000000061a800000, 0x000000061a800000, 0x000000061ac00000|  0%| F|  |TAMS 0x000000061a800000, 0x000000061a800000| Untracked 
| 107|0x000000061ac00000, 0x000000061ac00000, 0x000000061b000000|  0%| F|  |TAMS 0x000000061ac00000, 0x000000061ac00000| Untracked 
| 108|0x000000061b000000, 0x000000061b000000, 0x000000061b400000|  0%| F|  |TAMS 0x000000061b000000, 0x000000061b000000| Untracked 
| 109|0x000000061b400000, 0x000000061b400000, 0x000000061b800000|  0%| F|  |TAMS 0x000000061b400000, 0x000000061b400000| Untracked 
| 110|0x000000061b800000, 0x000000061b800000, 0x000000061bc00000|  0%| F|  |TAMS 0x000000061b800000, 0x000000061b800000| Untracked 
| 111|0x000000061bc00000, 0x000000061bc00000, 0x000000061c000000|  0%| F|  |TAMS 0x000000061bc00000, 0x000000061bc00000| Untracked 
| 112|0x000000061c000000, 0x000000061c000000, 0x000000061c400000|  0%| F|  |TAMS 0x000000061c000000, 0x000000061c000000| Untracked 
| 113|0x000000061c400000, 0x000000061c400000, 0x000000061c800000|  0%| F|  |TAMS 0x000000061c400000, 0x000000061c400000| Untracked 
| 114|0x000000061c800000, 0x000000061c800000, 0x000000061cc00000|  0%| F|  |TAMS 0x000000061c800000, 0x000000061c800000| Untracked 
| 115|0x000000061cc00000, 0x000000061cc00000, 0x000000061d000000|  0%| F|  |TAMS 0x000000061cc00000, 0x000000061cc00000| Untracked 
| 116|0x000000061d000000, 0x000000061d000000, 0x000000061d400000|  0%| F|  |TAMS 0x000000061d000000, 0x000000061d000000| Untracked 
| 117|0x000000061d400000, 0x000000061d400000, 0x000000061d800000|  0%| F|  |TAMS 0x000000061d400000, 0x000000061d400000| Untracked 
| 118|0x000000061d800000, 0x000000061d800000, 0x000000061dc00000|  0%| F|  |TAMS 0x000000061d800000, 0x000000061d800000| Untracked 
| 119|0x000000061dc00000, 0x000000061dc00000, 0x000000061e000000|  0%| F|  |TAMS 0x000000061dc00000, 0x000000061dc00000| Untracked 
| 120|0x000000061e000000, 0x000000061e000000, 0x000000061e400000|  0%| F|  |TAMS 0x000000061e000000, 0x000000061e000000| Untracked 
| 121|0x000000061e400000, 0x000000061e400000, 0x000000061e800000|  0%| F|  |TAMS 0x000000061e400000, 0x000000061e400000| Untracked 
| 122|0x000000061e800000, 0x000000061e800000, 0x000000061ec00000|  0%| F|  |TAMS 0x000000061e800000, 0x000000061e800000| Untracked 
| 123|0x000000061ec00000, 0x000000061ec00000, 0x000000061f000000|  0%| F|  |TAMS 0x000000061ec00000, 0x000000061ec00000| Untracked 
| 124|0x000000061f000000, 0x000000061f000000, 0x000000061f400000|  0%| F|  |TAMS 0x000000061f000000, 0x000000061f000000| Untracked 
| 125|0x000000061f400000, 0x000000061f400000, 0x000000061f800000|  0%| F|  |TAMS 0x000000061f400000, 0x000000061f400000| Untracked 
| 126|0x000000061f800000, 0x000000061f800000, 0x000000061fc00000|  0%| F|  |TAMS 0x000000061f800000, 0x000000061f800000| Untracked 
| 127|0x000000061fc00000, 0x000000061fc00000, 0x0000000620000000|  0%| F|  |TAMS 0x000000061fc00000, 0x000000061fc00000| Untracked 
| 128|0x0000000620000000, 0x0000000620000000, 0x0000000620400000|  0%| F|  |TAMS 0x0000000620000000, 0x0000000620000000| Untracked 
| 129|0x0000000620400000, 0x0000000620400000, 0x0000000620800000|  0%| F|  |TAMS 0x0000000620400000, 0x0000000620400000| Untracked 
| 130|0x0000000620800000, 0x0000000620baed28, 0x0000000620c00000| 92%| E|  |TAMS 0x0000000620800000, 0x0000000620800000| Complete 
| 131|0x0000000620c00000, 0x0000000621000000, 0x0000000621000000|100%| E|CS|TAMS 0x0000000620c00000, 0x0000000620c00000| Complete 
| 132|0x0000000621000000, 0x0000000621400000, 0x0000000621400000|100%| E|CS|TAMS 0x0000000621000000, 0x0000000621000000| Complete 
| 133|0x0000000621400000, 0x0000000621800000, 0x0000000621800000|100%| E|CS|TAMS 0x0000000621400000, 0x0000000621400000| Complete 
| 134|0x0000000621800000, 0x0000000621c00000, 0x0000000621c00000|100%| E|CS|TAMS 0x0000000621800000, 0x0000000621800000| Complete 
| 135|0x0000000621c00000, 0x0000000622000000, 0x0000000622000000|100%| E|CS|TAMS 0x0000000621c00000, 0x0000000621c00000| Complete 
| 136|0x0000000622000000, 0x0000000622400000, 0x0000000622400000|100%| E|CS|TAMS 0x0000000622000000, 0x0000000622000000| Complete 
| 137|0x0000000622400000, 0x0000000622800000, 0x0000000622800000|100%| E|CS|TAMS 0x0000000622400000, 0x0000000622400000| Complete 
| 138|0x0000000622800000, 0x0000000622c00000, 0x0000000622c00000|100%| E|CS|TAMS 0x0000000622800000, 0x0000000622800000| Complete 
| 139|0x0000000622c00000, 0x0000000623000000, 0x0000000623000000|100%| E|CS|TAMS 0x0000000622c00000, 0x0000000622c00000| Complete 
| 140|0x0000000623000000, 0x0000000623400000, 0x0000000623400000|100%| E|CS|TAMS 0x0000000623000000, 0x0000000623000000| Complete 
| 141|0x0000000623400000, 0x0000000623800000, 0x0000000623800000|100%| E|CS|TAMS 0x0000000623400000, 0x0000000623400000| Complete 
| 142|0x0000000623800000, 0x0000000623c00000, 0x0000000623c00000|100%| E|CS|TAMS 0x0000000623800000, 0x0000000623800000| Complete 
| 143|0x0000000623c00000, 0x0000000624000000, 0x0000000624000000|100%| E|CS|TAMS 0x0000000623c00000, 0x0000000623c00000| Complete 
| 144|0x0000000624000000, 0x0000000624400000, 0x0000000624400000|100%| E|CS|TAMS 0x0000000624000000, 0x0000000624000000| Complete 
| 145|0x0000000624400000, 0x0000000624800000, 0x0000000624800000|100%| E|CS|TAMS 0x0000000624400000, 0x0000000624400000| Complete 
| 146|0x0000000624800000, 0x0000000624c00000, 0x0000000624c00000|100%| E|CS|TAMS 0x0000000624800000, 0x0000000624800000| Complete 
| 147|0x0000000624c00000, 0x0000000625000000, 0x0000000625000000|100%| E|CS|TAMS 0x0000000624c00000, 0x0000000624c00000| Complete 
| 148|0x0000000625000000, 0x0000000625400000, 0x0000000625400000|100%| E|CS|TAMS 0x0000000625000000, 0x0000000625000000| Complete 
| 149|0x0000000625400000, 0x0000000625800000, 0x0000000625800000|100%| E|CS|TAMS 0x0000000625400000, 0x0000000625400000| Complete 
| 150|0x0000000625800000, 0x0000000625c00000, 0x0000000625c00000|100%| E|CS|TAMS 0x0000000625800000, 0x0000000625800000| Complete 
| 151|0x0000000625c00000, 0x0000000626000000, 0x0000000626000000|100%| E|CS|TAMS 0x0000000625c00000, 0x0000000625c00000| Complete 
| 152|0x0000000626000000, 0x0000000626400000, 0x0000000626400000|100%| E|CS|TAMS 0x0000000626000000, 0x0000000626000000| Complete 
| 153|0x0000000626400000, 0x0000000626800000, 0x0000000626800000|100%| E|CS|TAMS 0x0000000626400000, 0x0000000626400000| Complete 
| 154|0x0000000626800000, 0x0000000626c00000, 0x0000000626c00000|100%| E|CS|TAMS 0x0000000626800000, 0x0000000626800000| Complete 
| 155|0x0000000626c00000, 0x0000000627000000, 0x0000000627000000|100%| E|CS|TAMS 0x0000000626c00000, 0x0000000626c00000| Complete 
| 156|0x0000000627000000, 0x0000000627400000, 0x0000000627400000|100%| E|CS|TAMS 0x0000000627000000, 0x0000000627000000| Complete 
| 157|0x0000000627400000, 0x0000000627800000, 0x0000000627800000|100%| E|CS|TAMS 0x0000000627400000, 0x0000000627400000| Complete 
| 158|0x0000000627800000, 0x0000000627c00000, 0x0000000627c00000|100%| E|CS|TAMS 0x0000000627800000, 0x0000000627800000| Complete 
| 159|0x0000000627c00000, 0x0000000628000000, 0x0000000628000000|100%| E|CS|TAMS 0x0000000627c00000, 0x0000000627c00000| Complete 
| 160|0x0000000628000000, 0x0000000628400000, 0x0000000628400000|100%| E|CS|TAMS 0x0000000628000000, 0x0000000628000000| Complete 
| 161|0x0000000628400000, 0x0000000628800000, 0x0000000628800000|100%| E|CS|TAMS 0x0000000628400000, 0x0000000628400000| Complete 
| 162|0x0000000628800000, 0x0000000628c00000, 0x0000000628c00000|100%| E|CS|TAMS 0x0000000628800000, 0x0000000628800000| Complete 
| 163|0x0000000628c00000, 0x0000000629000000, 0x0000000629000000|100%| E|CS|TAMS 0x0000000628c00000, 0x0000000628c00000| Complete 
| 164|0x0000000629000000, 0x0000000629400000, 0x0000000629400000|100%| E|CS|TAMS 0x0000000629000000, 0x0000000629000000| Complete 
| 165|0x0000000629400000, 0x0000000629800000, 0x0000000629800000|100%| E|CS|TAMS 0x0000000629400000, 0x0000000629400000| Complete 
| 166|0x0000000629800000, 0x0000000629c00000, 0x0000000629c00000|100%| E|CS|TAMS 0x0000000629800000, 0x0000000629800000| Complete 
| 167|0x0000000629c00000, 0x000000062a000000, 0x000000062a000000|100%| E|CS|TAMS 0x0000000629c00000, 0x0000000629c00000| Complete 
| 168|0x000000062a000000, 0x000000062a400000, 0x000000062a400000|100%| E|CS|TAMS 0x000000062a000000, 0x000000062a000000| Complete 
| 169|0x000000062a400000, 0x000000062a800000, 0x000000062a800000|100%| E|CS|TAMS 0x000000062a400000, 0x000000062a400000| Complete 
| 170|0x000000062a800000, 0x000000062ac00000, 0x000000062ac00000|100%| E|CS|TAMS 0x000000062a800000, 0x000000062a800000| Complete 
| 171|0x000000062ac00000, 0x000000062b000000, 0x000000062b000000|100%| E|CS|TAMS 0x000000062ac00000, 0x000000062ac00000| Complete 
| 172|0x000000062b000000, 0x000000062b400000, 0x000000062b400000|100%| E|CS|TAMS 0x000000062b000000, 0x000000062b000000| Complete 
| 173|0x000000062b400000, 0x000000062b800000, 0x000000062b800000|100%| E|CS|TAMS 0x000000062b400000, 0x000000062b400000| Complete 
| 174|0x000000062b800000, 0x000000062bc00000, 0x000000062bc00000|100%| E|CS|TAMS 0x000000062b800000, 0x000000062b800000| Complete 
| 175|0x000000062bc00000, 0x000000062c000000, 0x000000062c000000|100%| E|CS|TAMS 0x000000062bc00000, 0x000000062bc00000| Complete 
| 176|0x000000062c000000, 0x000000062c400000, 0x000000062c400000|100%| E|CS|TAMS 0x000000062c000000, 0x000000062c000000| Complete 
| 177|0x000000062c400000, 0x000000062c800000, 0x000000062c800000|100%| E|CS|TAMS 0x000000062c400000, 0x000000062c400000| Complete 
| 178|0x000000062c800000, 0x000000062cc00000, 0x000000062cc00000|100%| E|CS|TAMS 0x000000062c800000, 0x000000062c800000| Complete 
| 179|0x000000062cc00000, 0x000000062d000000, 0x000000062d000000|100%| E|CS|TAMS 0x000000062cc00000, 0x000000062cc00000| Complete 
| 180|0x000000062d000000, 0x000000062d400000, 0x000000062d400000|100%| E|CS|TAMS 0x000000062d000000, 0x000000062d000000| Complete 
| 181|0x000000062d400000, 0x000000062d800000, 0x000000062d800000|100%| E|CS|TAMS 0x000000062d400000, 0x000000062d400000| Complete 
| 182|0x000000062d800000, 0x000000062dc00000, 0x000000062dc00000|100%| E|CS|TAMS 0x000000062d800000, 0x000000062d800000| Complete 
| 183|0x000000062dc00000, 0x000000062e000000, 0x000000062e000000|100%| E|CS|TAMS 0x000000062dc00000, 0x000000062dc00000| Complete 
| 184|0x000000062e000000, 0x000000062e400000, 0x000000062e400000|100%| E|CS|TAMS 0x000000062e000000, 0x000000062e000000| Complete 
| 185|0x000000062e400000, 0x000000062e800000, 0x000000062e800000|100%| E|CS|TAMS 0x000000062e400000, 0x000000062e400000| Complete 
| 186|0x000000062e800000, 0x000000062ec00000, 0x000000062ec00000|100%| E|CS|TAMS 0x000000062e800000, 0x000000062e800000| Complete 
| 187|0x000000062ec00000, 0x000000062f000000, 0x000000062f000000|100%| E|CS|TAMS 0x000000062ec00000, 0x000000062ec00000| Complete 
| 188|0x000000062f000000, 0x000000062f400000, 0x000000062f400000|100%| E|CS|TAMS 0x000000062f000000, 0x000000062f000000| Complete 
| 189|0x000000062f400000, 0x000000062f800000, 0x000000062f800000|100%| E|CS|TAMS 0x000000062f400000, 0x000000062f400000| Complete 
| 190|0x000000062f800000, 0x000000062fc00000, 0x000000062fc00000|100%| E|CS|TAMS 0x000000062f800000, 0x000000062f800000| Complete 
| 191|0x000000062fc00000, 0x0000000630000000, 0x0000000630000000|100%| E|CS|TAMS 0x000000062fc00000, 0x000000062fc00000| Complete 
| 192|0x0000000630000000, 0x0000000630400000, 0x0000000630400000|100%| E|CS|TAMS 0x0000000630000000, 0x0000000630000000| Complete 
| 193|0x0000000630400000, 0x0000000630800000, 0x0000000630800000|100%| E|CS|TAMS 0x0000000630400000, 0x0000000630400000| Complete 
| 194|0x0000000630800000, 0x0000000630c00000, 0x0000000630c00000|100%| E|CS|TAMS 0x0000000630800000, 0x0000000630800000| Complete 
| 195|0x0000000630c00000, 0x0000000631000000, 0x0000000631000000|100%| E|CS|TAMS 0x0000000630c00000, 0x0000000630c00000| Complete 
| 196|0x0000000631000000, 0x0000000631400000, 0x0000000631400000|100%| E|CS|TAMS 0x0000000631000000, 0x0000000631000000| Complete 
| 197|0x0000000631400000, 0x0000000631800000, 0x0000000631800000|100%| E|CS|TAMS 0x0000000631400000, 0x0000000631400000| Complete 
| 198|0x0000000631800000, 0x0000000631c00000, 0x0000000631c00000|100%| E|CS|TAMS 0x0000000631800000, 0x0000000631800000| Complete 
| 199|0x0000000631c00000, 0x0000000632000000, 0x0000000632000000|100%| E|CS|TAMS 0x0000000631c00000, 0x0000000631c00000| Complete 
| 200|0x0000000632000000, 0x0000000632400000, 0x0000000632400000|100%| E|CS|TAMS 0x0000000632000000, 0x0000000632000000| Complete 
| 201|0x0000000632400000, 0x0000000632800000, 0x0000000632800000|100%| E|CS|TAMS 0x0000000632400000, 0x0000000632400000| Complete 
| 202|0x0000000632800000, 0x0000000632c00000, 0x0000000632c00000|100%| E|CS|TAMS 0x0000000632800000, 0x0000000632800000| Complete 
| 203|0x0000000632c00000, 0x0000000633000000, 0x0000000633000000|100%| E|CS|TAMS 0x0000000632c00000, 0x0000000632c00000| Complete 
| 204|0x0000000633000000, 0x0000000633400000, 0x0000000633400000|100%| E|CS|TAMS 0x0000000633000000, 0x0000000633000000| Complete 
| 205|0x0000000633400000, 0x0000000633800000, 0x0000000633800000|100%| E|CS|TAMS 0x0000000633400000, 0x0000000633400000| Complete 
| 206|0x0000000633800000, 0x0000000633c00000, 0x0000000633c00000|100%| E|CS|TAMS 0x0000000633800000, 0x0000000633800000| Complete 
| 207|0x0000000633c00000, 0x0000000634000000, 0x0000000634000000|100%| E|CS|TAMS 0x0000000633c00000, 0x0000000633c00000| Complete 
| 208|0x0000000634000000, 0x0000000634400000, 0x0000000634400000|100%| E|CS|TAMS 0x0000000634000000, 0x0000000634000000| Complete 
| 209|0x0000000634400000, 0x0000000634800000, 0x0000000634800000|100%| E|CS|TAMS 0x0000000634400000, 0x0000000634400000| Complete 
| 210|0x0000000634800000, 0x0000000634c00000, 0x0000000634c00000|100%| E|CS|TAMS 0x0000000634800000, 0x0000000634800000| Complete 
| 211|0x0000000634c00000, 0x0000000635000000, 0x0000000635000000|100%| E|CS|TAMS 0x0000000634c00000, 0x0000000634c00000| Complete 
| 212|0x0000000635000000, 0x0000000635400000, 0x0000000635400000|100%| E|CS|TAMS 0x0000000635000000, 0x0000000635000000| Complete 
| 213|0x0000000635400000, 0x0000000635800000, 0x0000000635800000|100%| E|CS|TAMS 0x0000000635400000, 0x0000000635400000| Complete 
| 214|0x0000000635800000, 0x0000000635c00000, 0x0000000635c00000|100%| E|CS|TAMS 0x0000000635800000, 0x0000000635800000| Complete 

Card table byte_map: [0x00000131f3970000,0x00000131f4970000] _byte_map_base: 0x00000131f0970000

Marking Bits (Prev, Next): (CMBitMap*) 0x00000131c8cdb420, (CMBitMap*) 0x00000131c8cdb460
 Prev Bits: [0x00000131f5970000, 0x00000131fd970000)
 Next Bits: [0x0000013180000000, 0x0000013188000000)

Polling page: 0x00000131c8990000

Metaspace:

Usage:
  Non-class:    140.02 MB used.
      Class:     20.19 MB used.
       Both:    160.21 MB used.

Virtual space:
  Non-class space:      192.00 MB reserved,     140.56 MB ( 73%) committed,  3 nodes.
      Class space:        1.00 GB reserved,      20.69 MB (  2%) committed,  1 nodes.
             Both:        1.19 GB reserved,     161.25 MB ( 13%) committed. 

Chunk freelists:
   Non-Class:  2.66 MB
       Class:  11.14 MB
        Both:  13.79 MB

MaxMetaspaceSize: 4.00 GB
CompressedClassSpaceSize: 1.00 GB
Initial GC threshold: 21.00 MB
Current GC threshold: 211.56 MB
CDS: on
MetaspaceReclaimPolicy: balanced
 - commit_granule_bytes: 65536.
 - commit_granule_words: 8192.
 - virtual_space_node_default_size: 8388608.
 - enlarge_chunks_in_place: 1.
 - new_chunks_are_fully_committed: 0.
 - uncommit_free_chunks: 1.
 - use_allocation_guard: 0.
 - handle_deallocations: 1.


Internal statistics:

num_allocs_failed_limit: 9.
num_arena_births: 1624.
num_arena_deaths: 4.
num_vsnodes_births: 4.
num_vsnodes_deaths: 0.
num_space_committed: 2578.
num_space_uncommitted: 0.
num_chunks_returned_to_freelist: 19.
num_chunks_taken_from_freelist: 8037.
num_chunk_merges: 9.
num_chunk_splits: 5691.
num_chunks_enlarged: 4219.
num_inconsistent_stats: 0.

CodeHeap 'non-profiled nmethods': size=259264Kb used=17040Kb max_used=17040Kb free=242223Kb
 bounds [0x00000131e1d90000, 0x00000131e2e40000, 0x00000131f1ac0000]
CodeHeap 'profiled nmethods': size=259264Kb used=46281Kb max_used=46281Kb free=212982Kb
 bounds [0x00000131d1ac0000, 0x00000131d4800000, 0x00000131e17f0000]
CodeHeap 'non-nmethods': size=5760Kb used=2645Kb max_used=2752Kb free=3114Kb
 bounds [0x00000131e17f0000, 0x00000131e1ab0000, 0x00000131e1d90000]
 total_blobs=22449 nmethods=21232 adapters=1126
 compilation: enabled
              stopped_count=0, restarted_count=0
 full_count=0

Compilation events (20 events):
Event: 246.683 Thread 0x00000131ffceb870 nmethod 26682 0x00000131e2d07490 code [0x00000131e2d07620, 0x00000131e2d076f8]
Event: 246.683 Thread 0x00000131ffceb870 26683       3       org.gradle.internal.resource.ExternalResourceName::getRoot (31 bytes)
Event: 246.683 Thread 0x00000131ffceb870 nmethod 26683 0x00000131d47f2b10 code [0x00000131d47f2ce0, 0x00000131d47f31e8]
Event: 246.683 Thread 0x00000131ffceb870 26684       3       org.gradle.api.internal.file.collections.SingleIncludePatternFileTree::visit (25 bytes)
Event: 246.683 Thread 0x00000131ffceb870 nmethod 26684 0x00000131d47f3390 code [0x00000131d47f3560, 0x00000131d47f3a48]
Event: 246.684 Thread 0x00000131ffceb870 26685       1       org.apache.http.client.config.RequestConfig::isStaleConnectionCheckEnabled (5 bytes)
Event: 246.684 Thread 0x00000131ffceb870 nmethod 26685 0x00000131e2d07190 code [0x00000131e2d07320, 0x00000131e2d073f8]
Event: 246.976 Thread 0x00000131ffceb870 26686       3       org.apache.http.conn.routing.HttpRoute::hashCode (95 bytes)
Event: 246.976 Thread 0x00000131ffceb870 nmethod 26686 0x00000131d47f3c10 code [0x00000131d47f3ec0, 0x00000131d47f4d58]
Event: 246.976 Thread 0x00000131ffceb870 26687       3       org.apache.http.util.LangUtils::hashCode (14 bytes)
Event: 246.976 Thread 0x00000131ffceb870 nmethod 26687 0x00000131d47f5210 code [0x00000131d47f53a0, 0x00000131d47f5558]
Event: 247.105 Thread 0x00000131ffcea340 26688       4       org.gradle.internal.logging.sink.OutputEventTransformer::onOutput (369 bytes)
Event: 247.848 Thread 0x00000131ffceb870 26692       3       org.gradle.api.internal.file.collections.SingleIncludePatternFileTree::<init> (10 bytes)
Event: 247.848 Thread 0x00000131ffceb870 nmethod 26692 0x00000131d47f5610 code [0x00000131d47f57c0, 0x00000131d47f59c8]
Event: 247.850 Thread 0x00000131ffceb870 26693       3       org.apache.http.pool.AbstractConnPool::getPool (43 bytes)
Event: 247.850 Thread 0x00000131ffceb870 nmethod 26693 0x00000131d47f5b10 code [0x00000131d47f5d00, 0x00000131d47f62c8]
Event: 247.984 Thread 0x00000131ffceb870 26694       1       org.gradle.internal.resource.transport.http.HttpResponseResource::getMetaData (5 bytes)
Event: 247.984 Thread 0x00000131ffceb870 nmethod 26694 0x00000131e2d06e90 code [0x00000131e2d07020, 0x00000131e2d070f8]
Event: 247.984 Thread 0x00000131ffceb870 26695       3       sun.security.provider.AbstractDrbg::engineNextBytes (15 bytes)
Event: 247.984 Thread 0x00000131ffceb870 nmethod 26695 0x00000131d47f6490 code [0x00000131d47f6640, 0x00000131d47f67d8]

GC Heap History (20 events):
Event: 174.685 GC heap before
{Heap before GC invocations=102 (full 0):
 garbage-first heap   total 593920K, used 498941K [0x0000000600000000, 0x0000000800000000)
  region size 4096K, 77 young (315392K), 4 survivors (16384K)
 Metaspace       used 157979K, committed 159104K, reserved 1245184K
  class space    used 19998K, committed 20544K, reserved 1048576K
}
Event: 174.703 GC heap after
{Heap after GC invocations=103 (full 0):
 garbage-first heap   total 593920K, used 208611K [0x0000000600000000, 0x0000000800000000)
  region size 4096K, 6 young (24576K), 6 survivors (24576K)
 Metaspace       used 157979K, committed 159104K, reserved 1245184K
  class space    used 19998K, committed 20544K, reserved 1048576K
}
Event: 175.518 GC heap before
{Heap before GC invocations=103 (full 0):
 garbage-first heap   total 593920K, used 495331K [0x0000000600000000, 0x0000000800000000)
  region size 4096K, 76 young (311296K), 6 survivors (24576K)
 Metaspace       used 157993K, committed 159104K, reserved 1245184K
  class space    used 19998K, committed 20544K, reserved 1048576K
}
Event: 175.535 GC heap after
{Heap after GC invocations=104 (full 0):
 garbage-first heap   total 593920K, used 214554K [0x0000000600000000, 0x0000000800000000)
  region size 4096K, 7 young (28672K), 7 survivors (28672K)
 Metaspace       used 157993K, committed 159104K, reserved 1245184K
  class space    used 19998K, committed 20544K, reserved 1048576K
}
Event: 175.890 GC heap before
{Heap before GC invocations=104 (full 0):
 garbage-first heap   total 593920K, used 497178K [0x0000000600000000, 0x0000000800000000)
  region size 4096K, 76 young (311296K), 7 survivors (28672K)
 Metaspace       used 157993K, committed 159104K, reserved 1245184K
  class space    used 19998K, committed 20544K, reserved 1048576K
}
Event: 175.909 GC heap after
{Heap after GC invocations=105 (full 0):
 garbage-first heap   total 712704K, used 216981K [0x0000000600000000, 0x0000000800000000)
  region size 4096K, 6 young (24576K), 6 survivors (24576K)
 Metaspace       used 157993K, committed 159104K, reserved 1245184K
  class space    used 19998K, committed 20544K, reserved 1048576K
}
Event: 176.459 GC heap before
{Heap before GC invocations=105 (full 0):
 garbage-first heap   total 712704K, used 593813K [0x0000000600000000, 0x0000000800000000)
  region size 4096K, 99 young (405504K), 6 survivors (24576K)
 Metaspace       used 157996K, committed 159104K, reserved 1245184K
  class space    used 19998K, committed 20544K, reserved 1048576K
}
Event: 176.475 GC heap after
{Heap after GC invocations=106 (full 0):
 garbage-first heap   total 712704K, used 220626K [0x0000000600000000, 0x0000000800000000)
  region size 4096K, 7 young (28672K), 7 survivors (28672K)
 Metaspace       used 157996K, committed 159104K, reserved 1245184K
  class space    used 19998K, committed 20544K, reserved 1048576K
}
Event: 177.276 GC heap before
{Heap before GC invocations=106 (full 0):
 garbage-first heap   total 712704K, used 601554K [0x0000000600000000, 0x0000000800000000)
  region size 4096K, 101 young (413696K), 7 survivors (28672K)
 Metaspace       used 157996K, committed 159104K, reserved 1245184K
  class space    used 19998K, committed 20544K, reserved 1048576K
}
Event: 177.297 GC heap after
{Heap after GC invocations=107 (full 0):
 garbage-first heap   total 712704K, used 223720K [0x0000000600000000, 0x0000000800000000)
  region size 4096K, 8 young (32768K), 8 survivors (32768K)
 Metaspace       used 157996K, committed 159104K, reserved 1245184K
  class space    used 19998K, committed 20544K, reserved 1048576K
}
Event: 177.958 GC heap before
{Heap before GC invocations=107 (full 0):
 garbage-first heap   total 712704K, used 600552K [0x0000000600000000, 0x0000000800000000)
  region size 4096K, 100 young (409600K), 8 survivors (32768K)
 Metaspace       used 158012K, committed 159104K, reserved 1245184K
  class space    used 19999K, committed 20544K, reserved 1048576K
}
Event: 177.973 GC heap after
{Heap after GC invocations=108 (full 0):
 garbage-first heap   total 712704K, used 218348K [0x0000000600000000, 0x0000000800000000)
  region size 4096K, 4 young (16384K), 4 survivors (16384K)
 Metaspace       used 158012K, committed 159104K, reserved 1245184K
  class space    used 19999K, committed 20544K, reserved 1048576K
}
Event: 179.450 GC heap before
{Heap before GC invocations=108 (full 0):
 garbage-first heap   total 712704K, used 611564K [0x0000000600000000, 0x0000000800000000)
  region size 4096K, 100 young (409600K), 4 survivors (16384K)
 Metaspace       used 158015K, committed 159104K, reserved 1245184K
  class space    used 20000K, committed 20544K, reserved 1048576K
}
Event: 179.465 GC heap after
{Heap after GC invocations=109 (full 0):
 garbage-first heap   total 880640K, used 221472K [0x0000000600000000, 0x0000000800000000)
  region size 4096K, 4 young (16384K), 4 survivors (16384K)
 Metaspace       used 158015K, committed 159104K, reserved 1245184K
  class space    used 20000K, committed 20544K, reserved 1048576K
}
Event: 181.373 GC heap before
{Heap before GC invocations=109 (full 0):
 garbage-first heap   total 880640K, used 733472K [0x0000000600000000, 0x0000000800000000)
  region size 4096K, 129 young (528384K), 4 survivors (16384K)
 Metaspace       used 158025K, committed 159104K, reserved 1245184K
  class space    used 20001K, committed 20544K, reserved 1048576K
}
Event: 181.391 GC heap after
{Heap after GC invocations=110 (full 0):
 garbage-first heap   total 880640K, used 226727K [0x0000000600000000, 0x0000000800000000)
  region size 4096K, 6 young (24576K), 6 survivors (24576K)
 Metaspace       used 158025K, committed 159104K, reserved 1245184K
  class space    used 20001K, committed 20544K, reserved 1048576K
}
Event: 182.943 GC heap before
{Heap before GC invocations=110 (full 0):
 garbage-first heap   total 880640K, used 730535K [0x0000000600000000, 0x0000000800000000)
  region size 4096K, 129 young (528384K), 6 survivors (24576K)
 Metaspace       used 158032K, committed 159104K, reserved 1245184K
  class space    used 20001K, committed 20544K, reserved 1048576K
}
Event: 182.966 GC heap after
{Heap after GC invocations=111 (full 0):
 garbage-first heap   total 880640K, used 233734K [0x0000000600000000, 0x0000000800000000)
  region size 4096K, 7 young (28672K), 7 survivors (28672K)
 Metaspace       used 158032K, committed 159104K, reserved 1245184K
  class space    used 20001K, committed 20544K, reserved 1048576K
}
Event: 186.151 GC heap before
{Heap before GC invocations=111 (full 0):
 garbage-first heap   total 880640K, used 733446K [0x0000000600000000, 0x0000000800000000)
  region size 4096K, 129 young (528384K), 7 survivors (28672K)
 Metaspace       used 158074K, committed 159168K, reserved 1245184K
  class space    used 20005K, committed 20544K, reserved 1048576K
}
Event: 186.172 GC heap after
{Heap after GC invocations=112 (full 0):
 garbage-first heap   total 880640K, used 233594K [0x0000000600000000, 0x0000000800000000)
  region size 4096K, 9 young (36864K), 9 survivors (36864K)
 Metaspace       used 158074K, committed 159168K, reserved 1245184K
  class space    used 20005K, committed 20544K, reserved 1048576K
}

Deoptimization events (20 events):
Event: 235.177 Thread 0x00000132589ab8c0 DEOPT UNPACKING pc=0x00000131e18423a3 sp=0x000000108f0fb728 mode 2
Event: 235.177 Thread 0x00000132589abdd0 DEOPT UNPACKING pc=0x00000131e18423a3 sp=0x000000108f1fb548 mode 2
Event: 235.177 Thread 0x00000132589ab8c0 Uncommon trap: trap_request=0xffffffbe fr.pc=0x00000131e1f4d8e0 relative=0x00000000000005a0
Event: 235.177 Thread 0x00000132589abdd0 Uncommon trap: trap_request=0xffffffbe fr.pc=0x00000131e1f4d8e0 relative=0x00000000000005a0
Event: 235.177 Thread 0x00000132589ab8c0 Uncommon trap: reason=profile_predicate action=maybe_recompile pc=0x00000131e1f4d8e0 method=com.sun.crypto.provider.HmacCore.engineInit(Ljava/security/Key;Ljava/security/spec/AlgorithmParameterSpec;)V @ 88 c2
Event: 235.177 Thread 0x00000132589abdd0 Uncommon trap: reason=profile_predicate action=maybe_recompile pc=0x00000131e1f4d8e0 method=com.sun.crypto.provider.HmacCore.engineInit(Ljava/security/Key;Ljava/security/spec/AlgorithmParameterSpec;)V @ 88 c2
Event: 235.177 Thread 0x00000132589ab8c0 DEOPT PACKING pc=0x00000131e1f4d8e0 sp=0x000000108f0fb6e0
Event: 235.177 Thread 0x00000132589abdd0 DEOPT PACKING pc=0x00000131e1f4d8e0 sp=0x000000108f1fb500
Event: 235.177 Thread 0x00000132589ab8c0 DEOPT UNPACKING pc=0x00000131e18423a3 sp=0x000000108f0fb678 mode 2
Event: 235.177 Thread 0x00000132589abdd0 DEOPT UNPACKING pc=0x00000131e18423a3 sp=0x000000108f1fb498 mode 2
Event: 237.546 Thread 0x0000013245508e10 Uncommon trap: trap_request=0xffffff45 fr.pc=0x00000131e2133d90 relative=0x00000000000001f0
Event: 237.546 Thread 0x0000013245508e10 Uncommon trap: reason=unstable_if action=reinterpret pc=0x00000131e2133d90 method=java.util.ArrayList$SubList.toArray([Ljava/lang/Object;)[Ljava/lang/Object; @ 10 c2
Event: 237.546 Thread 0x0000013245508e10 DEOPT PACKING pc=0x00000131e2133d90 sp=0x00000010861f6bf0
Event: 237.546 Thread 0x0000013245508e10 DEOPT UNPACKING pc=0x00000131e18423a3 sp=0x00000010861f6bc8 mode 2
Event: 237.619 Thread 0x0000013245508e10 DEOPT PACKING pc=0x00000131d46ab252 sp=0x00000010861f46c0
Event: 237.619 Thread 0x0000013245508e10 DEOPT UNPACKING pc=0x00000131e1842b43 sp=0x00000010861f3bb8 mode 0
Event: 240.416 Thread 0x00000132580ff980 Uncommon trap: trap_request=0xffffffcc fr.pc=0x00000131e26f00e4 relative=0x00000000000003a4
Event: 240.416 Thread 0x00000132580ff980 Uncommon trap: reason=intrinsic_or_type_checked_inlining action=make_not_entrant pc=0x00000131e26f00e4 method=java.util.Arrays.copyOfRange([Ljava/lang/Object;IILjava/lang/Class;)[Ljava/lang/Object; @ 84 c2
Event: 240.416 Thread 0x00000132580ff980 DEOPT PACKING pc=0x00000131e26f00e4 sp=0x00000010905fd490
Event: 240.416 Thread 0x00000132580ff980 DEOPT UNPACKING pc=0x00000131e18423a3 sp=0x00000010905fd410 mode 2

Classes unloaded (11 events):
Event: 43.579 Thread 0x00000131ffcc9160 Unloading class 0x00000132015e4bb8 '_BuildScript_$_run_closure1$_closure2$_closure3$_closure4'
Event: 43.579 Thread 0x00000131ffcc9160 Unloading class 0x00000132015e47d0 '_BuildScript_$_run_closure1$_closure2$_closure3'
Event: 43.579 Thread 0x00000131ffcc9160 Unloading class 0x00000132015e43e8 '_BuildScript_$_run_closure1$_closure2'
Event: 43.579 Thread 0x00000131ffcc9160 Unloading class 0x00000132015e4000 '_BuildScript_$_run_closure1'
Event: 43.579 Thread 0x00000131ffcc9160 Unloading class 0x00000132015d8800 '_BuildScript_'
Event: 45.244 Thread 0x00000131ffcc9160 Unloading class 0x00000132015f0fa0 '_BuildScript_$_run_closure1$_closure2$_closure4$_closure5'
Event: 45.244 Thread 0x00000131ffcc9160 Unloading class 0x00000132015f0bb8 '_BuildScript_$_run_closure1$_closure2$_closure4'
Event: 45.244 Thread 0x00000131ffcc9160 Unloading class 0x00000132015f07d0 '_BuildScript_$_run_closure1$_closure2$_closure3'
Event: 45.244 Thread 0x00000131ffcc9160 Unloading class 0x00000132015f03e8 '_BuildScript_$_run_closure1$_closure2'
Event: 45.244 Thread 0x00000131ffcc9160 Unloading class 0x00000132015f0000 '_BuildScript_$_run_closure1'
Event: 45.244 Thread 0x00000131ffcc9160 Unloading class 0x00000132015ed800 '_BuildScript_'

Classes redefined (0 events):
No events

Internal exceptions (20 events):
Event: 189.475 Thread 0x000001324aefc8c0 Exception <a 'java/lang/NoSuchMethodError'{0x0000000626c83800}: static [Ljava/rmi/server/ObjID;.<clinit>()V> (0x0000000626c83800) 
thrown [s\open\src\hotspot\share\prims\jni.cpp, line 1112]
Event: 189.479 Thread 0x000001324aefc8c0 Exception <a 'java/lang/NoSuchMethodError'{0x0000000626ca6f80}: static [B.<clinit>()V> (0x0000000626ca6f80) 
thrown [s\open\src\hotspot\share\prims\jni.cpp, line 1112]
Event: 189.491 Thread 0x0000013248e7ecd0 Exception <a 'java/lang/InterruptedException'{0x0000000626e37ab8}> (0x0000000626e37ab8) 
thrown [s\open\src\hotspot\share\runtime\objectMonitor.cpp, line 1671]
Event: 189.491 Thread 0x0000013248e7ecd0 Exception <a 'java/lang/NoSuchMethodError'{0x0000000626e38f18}: 'java.lang.Object java.lang.invoke.DirectMethodHandle$Holder.invokeSpecial(java.lang.Object, java.lang.Object, int, java.lang.Object, long)'> (0x0000000626e38f18) 
thrown [s\open\src\hotspot\share\interpreter\linkResolver.cpp, line 759]
Event: 189.494 Thread 0x0000013248e7ecd0 Exception <a 'java/lang/NoSuchMethodError'{0x0000000626e403c8}: 'java.lang.Object java.lang.invoke.DirectMethodHandle$Holder.newInvokeSpecial(java.lang.Object, java.lang.Object, int, java.lang.Object, long)'> (0x0000000626e403c8) 
thrown [s\open\src\hotspot\share\interpreter\linkResolver.cpp, line 759]
Event: 189.516 Thread 0x000001324aefc8c0 Exception <a 'java/lang/NoSuchMethodError'{0x0000000626f1a0e0}: static Lorg/jetbrains/kotlin/daemon/common/CompileService$CallResult;.<clinit>()V> (0x0000000626f1a0e0) 
thrown [s\open\src\hotspot\share\prims\jni.cpp, line 1112]
Event: 189.517 Thread 0x000001324aefc8c0 Exception <a 'java/lang/NoSuchMethodError'{0x0000000626f25ee8}: static Lorg/jetbrains/kotlin/daemon/common/CompileService$CallResult$Good;.<clinit>()V> (0x0000000626f25ee8) 
thrown [s\open\src\hotspot\share\prims\jni.cpp, line 1112]
Event: 189.519 Thread 0x000001324aefc8c0 Exception <a 'java/lang/NoSuchMethodError'{0x0000000626f33180}: static Lorg/jetbrains/kotlin/daemon/common/DaemonJVMOptions;.<clinit>()V> (0x0000000626f33180) 
thrown [s\open\src\hotspot\share\prims\jni.cpp, line 1112]
Event: 189.530 Thread 0x000001324aefc8c0 Exception <a 'java/lang/NoSuchMethodError'{0x0000000626f4e2c0}: static Lorg/jetbrains/kotlin/daemon/common/CompileService$CallResult$Ok;.<clinit>()V> (0x0000000626f4e2c0) 
thrown [s\open\src\hotspot\share\prims\jni.cpp, line 1112]
Event: 189.575 Thread 0x000001324aefc8c0 Exception <a 'java/lang/NoSuchMethodError'{0x000000062686d5e0}: static [Ljava/lang/Integer;.<clinit>()V> (0x000000062686d5e0) 
thrown [s\open\src\hotspot\share\prims\jni.cpp, line 1112]
Event: 225.947 Thread 0x0000013248e81f70 Exception <a 'sun/nio/fs/WindowsException'{0x0000000627f0c250}> (0x0000000627f0c250) 
thrown [s\open\src\hotspot\share\prims\jni.cpp, line 516]
Event: 225.948 Thread 0x0000013248e81f70 Exception <a 'sun/nio/fs/WindowsException'{0x0000000627f0e5f0}> (0x0000000627f0e5f0) 
thrown [s\open\src\hotspot\share\prims\jni.cpp, line 516]
Event: 225.949 Thread 0x0000013248e81f70 Exception <a 'sun/nio/fs/WindowsException'{0x0000000627f107a0}> (0x0000000627f107a0) 
thrown [s\open\src\hotspot\share\prims\jni.cpp, line 516]
Event: 225.950 Thread 0x0000013248e81f70 Exception <a 'sun/nio/fs/WindowsException'{0x0000000627f12628}> (0x0000000627f12628) 
thrown [s\open\src\hotspot\share\prims\jni.cpp, line 516]
Event: 225.961 Thread 0x0000013248e81040 Exception <a 'sun/nio/fs/WindowsException'{0x00000006267c6728}> (0x00000006267c6728) 
thrown [s\open\src\hotspot\share\prims\jni.cpp, line 516]
Event: 225.962 Thread 0x0000013248e81040 Exception <a 'sun/nio/fs/WindowsException'{0x00000006267c8588}> (0x00000006267c8588) 
thrown [s\open\src\hotspot\share\prims\jni.cpp, line 516]
Event: 225.962 Thread 0x0000013248e81040 Exception <a 'sun/nio/fs/WindowsException'{0x00000006267ca150}> (0x00000006267ca150) 
thrown [s\open\src\hotspot\share\prims\jni.cpp, line 516]
Event: 234.700 Thread 0x00000132589ab3b0 Implicit null exception at 0x00000131e28638d8 to 0x00000131e28684ec
Event: 234.700 Thread 0x00000132589ac2e0 Implicit null exception at 0x00000131e28638d8 to 0x00000131e28684ec
Event: 234.700 Thread 0x00000132589ab8c0 Implicit null exception at 0x00000131e28638d8 to 0x00000131e28684ec

VM Operations (20 events):
Event: 238.758 Executing VM operation: Cleanup
Event: 238.758 Executing VM operation: Cleanup done
Event: 239.768 Executing VM operation: Cleanup
Event: 239.768 Executing VM operation: Cleanup done
Event: 240.573 Executing VM operation: HandshakeAllThreads
Event: 240.573 Executing VM operation: HandshakeAllThreads done
Event: 241.581 Executing VM operation: Cleanup
Event: 241.581 Executing VM operation: Cleanup done
Event: 242.586 Executing VM operation: Cleanup
Event: 242.587 Executing VM operation: Cleanup done
Event: 243.600 Executing VM operation: Cleanup
Event: 243.601 Executing VM operation: Cleanup done
Event: 244.613 Executing VM operation: Cleanup
Event: 244.613 Executing VM operation: Cleanup done
Event: 245.624 Executing VM operation: Cleanup
Event: 245.624 Executing VM operation: Cleanup done
Event: 246.638 Executing VM operation: Cleanup
Event: 246.638 Executing VM operation: Cleanup done
Event: 247.653 Executing VM operation: Cleanup
Event: 247.653 Executing VM operation: Cleanup done

Events (20 events):
Event: 237.613 Thread 0x00000132580fad90 Thread added: 0x00000132580fad90
Event: 237.614 Thread 0x00000132580fd610 Thread added: 0x00000132580fd610
Event: 237.614 Thread 0x00000132580fe540 Thread added: 0x00000132580fe540
Event: 237.614 Thread 0x00000132580fdb20 Thread added: 0x00000132580fdb20
Event: 237.614 Thread 0x00000132580fe030 Thread added: 0x00000132580fe030
Event: 238.016 Thread 0x00000132580fcbf0 Thread added: 0x00000132580fcbf0
Event: 238.017 Thread 0x00000132580fb7b0 Thread added: 0x00000132580fb7b0
Event: 239.122 Thread 0x00000132580fb2a0 Thread added: 0x00000132580fb2a0
Event: 239.122 Thread 0x00000132580ff470 Thread added: 0x00000132580ff470
Event: 240.414 Thread 0x00000132580fef60 Thread added: 0x00000132580fef60
Event: 240.414 Thread 0x00000132580fc1d0 Thread added: 0x00000132580fc1d0
Event: 240.414 Thread 0x00000132580fbcc0 Thread added: 0x00000132580fbcc0
Event: 240.414 Thread 0x00000132580ff980 Thread added: 0x00000132580ff980
Event: 240.414 Thread 0x00000132580ffe90 Thread added: 0x00000132580ffe90
Event: 240.415 Thread 0x00000132580fc6e0 Thread added: 0x00000132580fc6e0
Event: 240.415 Thread 0x00000132581012d0 Thread added: 0x00000132581012d0
Event: 240.415 Thread 0x00000132581003a0 Thread added: 0x00000132581003a0
Event: 240.415 Thread 0x00000132581008b0 Thread added: 0x00000132581008b0
Event: 240.416 Thread 0x0000013258102710 Thread added: 0x0000013258102710
Event: 240.417 Thread 0x0000013258102c20 Thread added: 0x0000013258102c20


Dynamic libraries:
0x00007ff65ec30000 - 0x00007ff65ec40000 	C:\Program Files\Java\jdk-17\bin\java.exe
0x00007ffb70740000 - 0x00007ffb709a8000 	C:\WINDOWS\SYSTEM32\ntdll.dll
0x00007ffb6f900000 - 0x00007ffb6f9c9000 	C:\WINDOWS\System32\KERNEL32.DLL
0x00007ffb6e0e0000 - 0x00007ffb6e4d1000 	C:\WINDOWS\System32\KERNELBASE.dll
0x00007ffb6d440000 - 0x00007ffb6d58b000 	C:\WINDOWS\System32\ucrtbase.dll
0x00007ffb5b880000 - 0x00007ffb5b899000 	C:\Program Files\Java\jdk-17\bin\jli.dll
0x00007ffb6ec90000 - 0x00007ffb6ed44000 	C:\WINDOWS\System32\ADVAPI32.dll
0x00007ffb6ed50000 - 0x00007ffb6edf9000 	C:\WINDOWS\System32\msvcrt.dll
0x00007ffb70070000 - 0x00007ffb70116000 	C:\WINDOWS\System32\sechost.dll
0x00007ffb6fd80000 - 0x00007ffb6fe98000 	C:\WINDOWS\System32\RPCRT4.dll
0x00007ffb704b0000 - 0x00007ffb70676000 	C:\WINDOWS\System32\USER32.dll
0x00007ffb6d0d0000 - 0x00007ffb6d0f7000 	C:\WINDOWS\System32\win32u.dll
0x00007ffb6fa50000 - 0x00007ffb6fa7b000 	C:\WINDOWS\System32\GDI32.dll
0x00007ffb6d310000 - 0x00007ffb6d43b000 	C:\WINDOWS\System32\gdi32full.dll
0x00007ffb41af0000 - 0x00007ffb41b0b000 	C:\Program Files\Java\jdk-17\bin\VCRUNTIME140.dll
0x00007ffb6e030000 - 0x00007ffb6e0d3000 	C:\WINDOWS\System32\msvcp_win.dll
0x00007ffb4df90000 - 0x00007ffb4e223000 	C:\WINDOWS\WinSxS\amd64_microsoft.windows.common-controls_6595b64144ccf1df_6.0.26100.7824_none_3e0870b2e3345462\COMCTL32.dll
0x00007ffb616b0000 - 0x00007ffb616bb000 	C:\WINDOWS\SYSTEM32\VERSION.dll
0x00007ffb6ee50000 - 0x00007ffb6ee81000 	C:\WINDOWS\System32\IMM32.DLL
0x00007ffb65320000 - 0x00007ffb6532c000 	C:\Program Files\Java\jdk-17\bin\vcruntime140_1.dll
0x00007ffafe380000 - 0x00007ffafe40e000 	C:\Program Files\Java\jdk-17\bin\msvcp140.dll
0x00007ffad69b0000 - 0x00007ffad7590000 	C:\Program Files\Java\jdk-17\bin\server\jvm.dll
0x00007ffb70680000 - 0x00007ffb70688000 	C:\WINDOWS\System32\PSAPI.DLL
0x00007ffb5ac20000 - 0x00007ffb5ac2a000 	C:\WINDOWS\SYSTEM32\WSOCK32.dll
0x00007ffb6eb70000 - 0x00007ffb6ebe4000 	C:\WINDOWS\System32\WS2_32.dll
0x00007ffb62060000 - 0x00007ffb62095000 	C:\WINDOWS\SYSTEM32\WINMM.dll
0x00007ffb6bdc0000 - 0x00007ffb6bddb000 	C:\WINDOWS\SYSTEM32\kernel.appcore.dll
0x00007ffb54bf0000 - 0x00007ffb54bfa000 	C:\Program Files\Java\jdk-17\bin\jimage.dll
0x00007ffb6af50000 - 0x00007ffb6b192000 	C:\WINDOWS\SYSTEM32\DBGHELP.DLL
0x00007ffb70120000 - 0x00007ffb704a6000 	C:\WINDOWS\System32\combase.dll
0x00007ffb6fab0000 - 0x00007ffb6fb87000 	C:\WINDOWS\System32\OLEAUT32.dll
0x00007ffb49d60000 - 0x00007ffb49d9b000 	C:\WINDOWS\SYSTEM32\dbgcore.DLL
0x00007ffb6d020000 - 0x00007ffb6d0c5000 	C:\WINDOWS\System32\bcryptPrimitives.dll
0x00007ffb54aa0000 - 0x00007ffb54aae000 	C:\Program Files\Java\jdk-17\bin\instrument.dll
0x00007ffb32f90000 - 0x00007ffb32fb5000 	C:\Program Files\Java\jdk-17\bin\java.dll
0x00007ffae16d0000 - 0x00007ffae17a7000 	C:\Program Files\Java\jdk-17\bin\jsvml.dll
0x00007ffb6f1a0000 - 0x00007ffb6f8f2000 	C:\WINDOWS\System32\SHELL32.dll
0x00007ffb6de00000 - 0x00007ffb6df6a000 	C:\WINDOWS\System32\wintypes.dll
0x00007ffb6d590000 - 0x00007ffb6ddf3000 	C:\WINDOWS\System32\windows.storage.dll
0x00007ffb6ea70000 - 0x00007ffb6eb66000 	C:\WINDOWS\System32\SHCORE.dll
0x00007ffb70690000 - 0x00007ffb706f7000 	C:\WINDOWS\System32\shlwapi.dll
0x00007ffb6cf40000 - 0x00007ffb6cf69000 	C:\WINDOWS\SYSTEM32\profapi.dll
0x00007ffb306b0000 - 0x00007ffb306c8000 	C:\Program Files\Java\jdk-17\bin\zip.dll
0x00007ffb2fcc0000 - 0x00007ffb2fcd9000 	C:\Program Files\Java\jdk-17\bin\net.dll
0x00007ffb61580000 - 0x00007ffb616a7000 	C:\WINDOWS\SYSTEM32\WINHTTP.dll
0x00007ffb6c330000 - 0x00007ffb6c39b000 	C:\WINDOWS\system32\mswsock.dll
0x00007ffb2fca0000 - 0x00007ffb2fcb6000 	C:\Program Files\Java\jdk-17\bin\nio.dll
0x00007ffb54850000 - 0x00007ffb54860000 	C:\Program Files\Java\jdk-17\bin\verify.dll
0x00007ffb42660000 - 0x00007ffb42687000 	C:\Users\Kavis\.gradle\native\1def1411415f61bf3af743bc5b6707747c0891f09f0c88961ee8f79bc544acac\windows-amd64\native-platform.dll
0x00007ffb2a550000 - 0x00007ffb2a5c8000 	C:\Users\Kavis\.gradle\native\0.2.7\x86_64-windows-gnu\gradle-fileevents.dll
0x00007ffb544e0000 - 0x00007ffb544ea000 	C:\Program Files\Java\jdk-17\bin\management.dll
0x00007ffb54130000 - 0x00007ffb5413b000 	C:\Program Files\Java\jdk-17\bin\management_ext.dll
0x00007ffb6b7a0000 - 0x00007ffb6b7d4000 	C:\WINDOWS\SYSTEM32\IPHLPAPI.DLL
0x00007ffb6ec80000 - 0x00007ffb6ec8a000 	C:\WINDOWS\System32\NSI.dll
0x00007ffb62030000 - 0x00007ffb6204e000 	C:\WINDOWS\SYSTEM32\dhcpcsvc6.DLL
0x00007ffb62000000 - 0x00007ffb62023000 	C:\WINDOWS\SYSTEM32\dhcpcsvc.DLL
0x00007ffb6b830000 - 0x00007ffb6b95c000 	C:\WINDOWS\SYSTEM32\DNSAPI.dll
0x00007ffb6c600000 - 0x00007ffb6c61b000 	C:\WINDOWS\SYSTEM32\CRYPTSP.dll
0x00007ffb6bd20000 - 0x00007ffb6bd59000 	C:\WINDOWS\system32\rsaenh.dll
0x00007ffb6c3e0000 - 0x00007ffb6c40b000 	C:\WINDOWS\SYSTEM32\USERENV.dll
0x00007ffb6cf10000 - 0x00007ffb6cf3a000 	C:\WINDOWS\SYSTEM32\bcrypt.dll
0x00007ffb6c620000 - 0x00007ffb6c62c000 	C:\WINDOWS\SYSTEM32\CRYPTBASE.dll
0x00007ffb5ac10000 - 0x00007ffb5ac1e000 	C:\Program Files\Java\jdk-17\bin\sunmscapi.dll
0x00007ffb6d100000 - 0x00007ffb6d277000 	C:\WINDOWS\System32\CRYPT32.dll
0x00007ffb6c820000 - 0x00007ffb6c850000 	C:\WINDOWS\SYSTEM32\ncrypt.dll
0x00007ffb6c7d0000 - 0x00007ffb6c80f000 	C:\WINDOWS\SYSTEM32\NTASN1.dll
0x00007ffb3c700000 - 0x00007ffb3c708000 	C:\WINDOWS\system32\wshunix.dll
0x00007ffb6bee0000 - 0x00007ffb6bf16000 	C:\WINDOWS\SYSTEM32\ntmarta.dll
0x00007ffb616c0000 - 0x00007ffb616cb000 	C:\Windows\System32\rasadhlp.dll
0x00007ffb64080000 - 0x00007ffb64106000 	C:\WINDOWS\System32\fwpuclnt.dll
0x00007ffb45c90000 - 0x00007ffb45ca8000 	C:\WINDOWS\system32\napinsp.dll
0x00007ffb41740000 - 0x00007ffb41752000 	C:\WINDOWS\System32\winrnr.dll
0x00007ffb41710000 - 0x00007ffb41732000 	C:\WINDOWS\system32\nlansp_c.dll
0x00007ffb416f0000 - 0x00007ffb41706000 	C:\WINDOWS\system32\wshbth.dll
0x00007ffb5abe0000 - 0x00007ffb5abe7000 	C:\Program Files\Java\jdk-17\bin\rmi.dll

dbghelp: loaded successfully - version: 4.0.5 - missing functions: none
symbol engine: initialized successfully - sym options: 0x614 - pdb path: .;C:\Program Files\Java\jdk-17\bin;C:\WINDOWS\SYSTEM32;C:\WINDOWS\WinSxS\amd64_microsoft.windows.common-controls_6595b64144ccf1df_6.0.26100.7824_none_3e0870b2e3345462;C:\Program Files\Java\jdk-17\bin\server;C:\Users\Kavis\.gradle\native\1def1411415f61bf3af743bc5b6707747c0891f09f0c88961ee8f79bc544acac\windows-amd64;C:\Users\Kavis\.gradle\native\0.2.7\x86_64-windows-gnu

VM Arguments:
jvm_args: --add-opens=java.base/java.lang=ALL-UNNAMED --add-opens=java.base/java.lang.invoke=ALL-UNNAMED --add-opens=java.base/java.util=ALL-UNNAMED --add-opens=java.prefs/java.util.prefs=ALL-UNNAMED --add-exports=jdk.compiler/com.sun.tools.javac.api=ALL-UNNAMED --add-exports=jdk.compiler/com.sun.tools.javac.util=ALL-UNNAMED --add-opens=java.base/java.util=ALL-UNNAMED --add-opens=java.prefs/java.util.prefs=ALL-UNNAMED --add-opens=java.base/java.nio.charset=ALL-UNNAMED --add-opens=java.base/java.net=ALL-UNNAMED --add-opens=java.base/java.util.concurrent.atomic=ALL-UNNAMED --add-opens=java.xml/javax.xml.namespace=ALL-UNNAMED -XX:MaxMetaspaceSize=4G -XX:ReservedCodeCacheSize=512m -XX:+HeapDumpOnOutOfMemoryError -Xmx8G -Dfile.encoding=UTF-8 -Duser.country=US -Duser.language=en -Duser.variant -javaagent:C:\Users\Kavis\.gradle\wrapper\dists\gradle-8.14-all\c2qonpi39x1mddn7hk5gh9iqj\gradle-8.14\lib\agents\gradle-instrumentation-agent-8.14.jar 
java_command: org.gradle.launcher.daemon.bootstrap.GradleDaemon 8.14
java_class_path (initial): C:\Users\Kavis\.gradle\wrapper\dists\gradle-8.14-all\c2qonpi39x1mddn7hk5gh9iqj\gradle-8.14\lib\gradle-daemon-main-8.14.jar
Launcher Type: SUN_STANDARD

[Global flags]
     intx CICompilerCount                          = 4                                         {product} {ergonomic}
     uint ConcGCThreads                            = 3                                         {product} {ergonomic}
     uint G1ConcRefinementThreads                  = 10                                        {product} {ergonomic}
   size_t G1HeapRegionSize                         = 4194304                                   {product} {ergonomic}
    uintx GCDrainStackTargetSize                   = 64                                        {product} {ergonomic}
     bool HeapDumpOnOutOfMemoryError               = true                                   {manageable} {command line}
   size_t InitialHeapSize                          = 130023424                                 {product} {ergonomic}
   size_t MarkStackSize                            = 4194304                                   {product} {ergonomic}
   size_t MaxHeapSize                              = 8589934592                                {product} {command line}
   size_t MaxMetaspaceSize                         = 4294967296                                {product} {command line}
   size_t MaxNewSize                               = 5150605312                                {product} {ergonomic}
   size_t MinHeapDeltaBytes                        = 4194304                                   {product} {ergonomic}
   size_t MinHeapSize                              = 8388608                                   {product} {ergonomic}
    uintx NonNMethodCodeHeapSize                   = 5839372                                {pd product} {ergonomic}
    uintx NonProfiledCodeHeapSize                  = 265515770                              {pd product} {ergonomic}
    uintx ProfiledCodeHeapSize                     = 265515770                              {pd product} {ergonomic}
    uintx ReservedCodeCacheSize                    = 536870912                              {pd product} {command line}
     bool SegmentedCodeCache                       = true                                      {product} {ergonomic}
   size_t SoftMaxHeapSize                          = 8589934592                             {manageable} {ergonomic}
   double SweeperThreshold                         = 0.234375                                  {product} {ergonomic}
     bool UseCompressedClassPointers               = true                           {product lp64_product} {ergonomic}
     bool UseCompressedOops                        = true                           {product lp64_product} {ergonomic}
     bool UseG1GC                                  = true                                      {product} {ergonomic}
     bool UseLargePagesIndividualAllocation        = false                                  {pd product} {ergonomic}

Logging:
Log output configuration:
 #0: stdout all=warning uptime,level,tags
 #1: stderr all=off uptime,level,tags

Environment Variables:
JAVA_HOME=C:\Program Files\Java\jdk-17
PATH=C:\Python314\Scripts\;C:\Python314\;C:\Program Files\Common Files\Oracle\Java\javapath;C:\Program Files\Python312\Scripts\;C:\Program Files\Python312\;C:\WINDOWS\system32;C:\WINDOWS;C:\WINDOWS\System32\Wbem;C:\WINDOWS\System32\WindowsPowerShell\v1.0\;C:\WINDOWS\System32\OpenSSH\;C:\Program Files\dotnet\;C:\ProgramData\chocolatey\bin;C:\Program Files (x86)\NVIDIA Corporation\PhysX\Common;C:\Program Files\Microsoft\Web Platform Installer\;C:\Program Files (x86)\Microsoft ASP.NET\ASP.NET Web Pages\v1.0\;C:\Program Files\Microsoft SQL Server\110\Tools\Binn\;C:\Program Files\Microsoft SQL Server\120\Tools\Binn\;C:\Program Files\Microsoft SQL Server\130\Tools\Binn\;C:\Program Files\Microsoft SQL Server\150\Tools\Binn\;C:\WINDOWS\system32;C:\WINDOWS;C:\WINDOWS\System32\Wbem;C:\WINDOWS\System32\WindowsPowerShell\v1.0\;C:\WINDOWS\System32\OpenSSH\;C:\Program Files\NVIDIA Corporation\NVIDIA App\NvDLISR;C:\Program Files\CMake\bin;C:\php;C:\Program Files\CodeBlocks\MinGW\bin;C:\NASM;C:\Program Files\Docker\Docker\resources\bin;C:\flutter\bin;C:\adb\platform-tools;C:\apache-cassandra-3.11.10\bin;C:\Program Files\MongoDB\Server\8.0\bin;C:\Python313\Scripts\;C:\Python313\;C:\Program Files\Python312\Scripts\;C:\Program Files\Python312\;C:\WINDOWS\system32;C:\WINDOWS;C:\WINDOWS\System32\Wbem;C:\WINDOWS\System32\WindowsPowerShell\v1.0\;C:\WINDOWS\System32\OpenSSH\;C:\Program Files\dotnet\;C:\ProgramData\chocolatey\bin;C:\Program Files (x86)\NVIDIA Corporation\PhysX\Common;C:\Program Files\Microsoft\Web Platform Installer\;C:\Program Files (x86)\Microsoft ASP.NET\ASP.NET Web Pages\v1.0\;C:\Program Files\Microsoft SQL Server\110\Tools\Binn\;C:\Program Files\Microsoft SQL Server\120\Tools\Binn\;C:\Program Files\Microsoft SQL Server\130\Tools\Binn\;C:\Program Files\Microsoft SQL Server\150\Tools\Binn\;C:\WINDOWS\system32;C:\WINDOWS;C:\WINDOWS\System32\Wbem;C:\WINDOWS\System32\WindowsPowerShell\v1.0\;C:\WINDOWS\System32\OpenSSH\;C:\Program Files\NVIDIA Corporation\NVIDIA App\NvDLISR;C:\
USERNAME=Kavis
OS=Windows_NT
PROCESSOR_IDENTIFIER=Intel64 Family 6 Model 154 Stepping 4, GenuineIntel



---------------  S Y S T E M  ---------------

OS:
 Windows 11 , 64 bit Build 26100 (10.0.26100.7705)
OS uptime: 0 days 0:21 hours
Hyper-V role detected

CPU: total 12 (initial active 12) (6 cores per cpu, 2 threads per core) family 6 model 154 stepping 4 microcode 0x423, cx8, cmov, fxsr, ht, mmx, 3dnowpref, sse, sse2, sse3, ssse3, sse4.1, sse4.2, popcnt, lzcnt, tsc, tscinvbit, avx, avx2, aes, erms, clmul, bmi1, bmi2, adx, sha, fma, vzeroupper, clflush, clflushopt, clwb, hv

Memory: 4k page, system-wide physical 7896M (542M free)
TotalPageFile size 17896M (AvailPageFile size 0M)
current process WorkingSet (physical memory assigned to process): 395M, peak: 1036M
current process commit charge ("private bytes"): 1358M, peak: 1364M

vm_info: Java HotSpot(TM) 64-Bit Server VM (17.0.12+8-LTS-286) for windows-amd64 JRE (17.0.12+8-LTS-286), built on Jun  5 2024 06:46:59 by "mach5one" with MS VC++ 17.6 (VS2022)

END.
